1926-07-31,
1926-08-31,0.09225053780555975
1926-09-30,0.07473999960120455
1926-10-31,0.12792396835984718
1926-11-30,0.05637071878601926
1926-12-31,0.06325777874405769
1927-01-31,0.06542696078259207
1927-02-28,0.04379606054799174
1927-03-31,0.08780844945268668
1927-04-30,0.07435133775638426
1927-05-31,0.04874815632336153
1927-06-30,0.08527581451416007
1927-07-31,0.04072459594436215
1927-08-31,0.10423865089324288
1927-09-30,0.09661098057845935
1927-10-31,0.10282469305264032
1927-11-30,0.07290402260085692
1927-12-31,0.06791465695588783
1928-01-31,0.08819123076754141
1928-02-29,0.0882862626669551
1928-03-31,0.08226106236468969
1928-04-30,0.11966647591238906
1928-05-31,0.1401544185700342
1928-06-30,0.19845190033674306
1928-07-31,0.12480353995678115
1928-08-31,0.0895681817914775
1928-09-30,0.07742125565301845
1928-10-31,0.08025712598455383
1928-11-30,0.10906739225411859
1928-12-31,0.19761688397397387
1929-01-31,0.11043641970686875
1929-02-28,0.17139841634025826
1929-03-31,0.20088747562207124
1929-04-30,0.13680049721475238
1929-05-31,0.1828328017063992
1929-06-30,0.09119489627205238
1929-07-31,0.09493444587285157
1929-08-31,0.1641243369796673
1929-09-30,0.16044826854888689
1929-10-31,0.7147961839213179
1929-11-30,0.6319864096541393
1929-12-31,0.29047115774345966
1930-01-31,0.09797677978150592
1930-02-28,0.12622036324413186
1930-03-31,0.09654925419050549
1930-04-30,0.12216837928457369
1930-05-31,0.20543780270143067
1930-06-30,0.3429536769464653
1930-07-31,0.19675841291679216
1930-08-31,0.18597673506729823
1930-09-30,0.16309089562241452
1930-10-31,0.30277349185790003
1930-11-30,0.24570822107113596
1930-12-31,0.2550854218393283
1931-01-31,0.20063167685812786
1931-02-28,0.1431217775552745
1931-03-31,0.17023670659853796
1931-04-30,0.22672371987005271
1931-05-31,0.21421510757901055
1931-06-30,0.39612092990206565
1931-07-31,0.2235903559955226
1931-08-31,0.19261861016354728
1931-09-30,0.3770948195559469
1931-10-31,0.553542433210028
1931-11-30,0.2985165658520107
1931-12-31,0.40240914817067075
1932-01-31,0.3611103799090186
1932-02-29,0.44932733897570276
1932-03-31,0.28483944664916344
1932-04-30,0.3322532691803801
1932-05-31,0.36572646939488374
1932-06-30,0.45892888916762
1932-07-31,0.34300957115268954
1932-08-31,0.46931497846011616
1932-09-30,0.5599496140672374
1932-10-31,0.5028337376446584
1932-11-30,0.41188079444260006
1932-12-31,0.25846711897961383
1933-01-31,0.21003067961587046
1933-02-28,0.3142670291832151
1933-03-31,0.5548346652832946
1933-04-30,0.4382401522551558
1933-05-31,0.30061446861028335
1933-06-30,0.4083250396627889
1933-07-31,0.552183052528294
1933-08-31,0.31729278487467655
1933-09-30,0.3320924964839738
1933-10-31,0.4497470273433768
1933-11-30,0.26503720410955045
1933-12-31,0.2202387061140051
1934-01-31,0.22067596014786559
1934-02-28,0.2221982662485068
1934-03-31,0.21803929198839295
1934-04-30,0.13928127399922152
1934-05-31,0.2364878170227459
1934-06-30,0.22872069729592195
1934-07-31,0.28652096863060694
1934-08-31,0.2172626176188568
1934-09-30,0.19007270162776005
1934-10-31,0.16643661229132314
1934-11-30,0.1042172201692357
1934-12-31,0.14250482710733836
1935-01-31,0.13185225033315176
1935-02-28,0.14967698399466528
1935-03-31,0.16136731445092356
1935-04-30,0.14141896100022752
1935-05-31,0.14585787452638851
1935-06-30,0.14247738262767837
1935-07-31,0.09334413142922031
1935-08-31,0.14247690023897228
1935-09-30,0.12767712384885693
1935-10-31,0.14687984532293233
1935-11-30,0.14326643341117679
1935-12-31,0.13321945160222876
1936-01-31,0.10705711431810006
1936-02-29,0.1261401396612648
1936-03-31,0.18408632034079647
1936-04-30,0.201618470033762
1936-05-31,0.14813617626476883
1936-06-30,0.0976533745532422
1936-07-31,0.09425896945939585
1936-08-31,0.12732325237801717
1936-09-30,0.09086537792045628
1936-10-31,0.11304831313970312
1936-11-30,0.1491675917880297
1936-12-31,0.11083431230100091
1937-01-31,0.10292233021807637
1937-02-28,0.0967268200380546
1937-03-31,0.13874422731815936
1937-04-30,0.2068153133069423
1937-05-31,0.15606073225484865
1937-06-30,0.1459580936303925
1937-07-31,0.12629013617045362
1937-08-31,0.10962546983856283
1937-09-30,0.3495446515627978
1937-10-31,0.5072455111623673
1937-11-30,0.3843737840320921
1937-12-31,0.22176496078821423
1938-01-31,0.2598949858185644
1938-02-28,0.24607655857026703
1938-03-31,0.2895049674426176
1938-04-30,0.35545780662228893
1938-05-31,0.20925733297689955
1938-06-30,0.2596300070173116
1938-07-31,0.21481443996261868
1938-08-31,0.19538263187586802
1938-09-30,0.3557574498186904
1938-10-31,0.15643003758003302
1938-11-30,0.16993549161633825
1938-12-31,0.1262810662135161
1939-01-31,0.22045047583214084
1939-02-28,0.14571235832815382
1939-03-31,0.2422669485252684
1939-04-30,0.28160573740855
1939-05-31,0.14020046027052488
1939-06-30,0.1441701611049692
1939-07-31,0.15279471124842622
1939-08-31,0.21408071279105143
1939-09-30,0.3282848952621744
1939-10-31,0.11421550513877235
1939-11-30,0.08923407694517949
1939-12-31,0.08389735340030348
1940-01-31,0.09896026568451642
1940-02-29,0.054299249620477455
1940-03-31,0.0702229640489542
1940-04-30,0.08532360865636816
1940-05-31,0.38066021325622496
1940-06-30,0.26287749114677333
1940-07-31,0.08274191972452102
1940-08-31,0.1463602861883835
1940-09-30,0.1481499994979404
1940-10-31,0.0930890310661765
1940-11-30,0.20932277712810338
1940-12-31,0.05898859067075703
1941-01-31,0.0964251104243509
1941-02-28,0.14221479414304752
1941-03-31,0.08642902252977815
1941-04-30,0.10772782561155285
1941-05-31,0.09006261325541286
1941-06-30,0.08518169235720918
1941-07-31,0.08335499743408335
1941-08-31,0.05085437542268939
1941-09-30,0.0819465979794675
1941-10-31,0.09275497409595525
1941-11-30,0.08870006706437834
1941-12-31,0.2296559608502819
1942-01-31,0.12415943082704406
1942-02-28,0.09533025752429909
1942-03-31,0.1414225379160743
1942-04-30,0.13760631550502778
1942-05-31,0.10090805253875026
1942-06-30,0.09893025112512537
1942-07-31,0.11281661595968537
1942-08-31,0.06081537076785519
1942-09-30,0.053918493186257584
1942-10-31,0.09420840054334478
1942-11-30,0.07927843665657251
1942-12-31,0.07384874195031862
1943-01-31,0.07156318042629364
1943-02-28,0.07836124648477387
1943-03-31,0.10048985717569431
1943-04-30,0.14248981877804354
1943-05-31,0.09093127925145995
1943-06-30,0.0900481562497381
1943-07-31,0.13452904782381325
1943-08-31,0.11266772010799447
1943-09-30,0.06606767126810646
1943-10-31,0.07651246359029205
1943-11-30,0.12978677859378607
1943-12-31,0.08127803693974076
1944-01-31,0.06910202521835199
1944-02-29,0.05923973192662716
1944-03-31,0.07079002607692134
1944-04-30,0.076342278625151
1944-05-31,0.044473520041837154
1944-06-30,0.0674474986521025
1944-07-31,0.08717828674250686
1944-08-31,0.06491107285705387
1944-09-30,0.09736890522147494
1944-10-31,0.06772798852781725
1944-11-30,0.05724066021838624
1944-12-31,0.07734403059419123
1945-01-31,0.08098803321644474
1945-02-28,0.0619282073398806
1945-03-31,0.12084626342882641
1945-04-30,0.08434198242044634
1945-05-31,0.07861614204821338
1945-06-30,0.08169669729586936
1945-07-31,0.12740522163008988
1945-08-31,0.13003314490455184
1945-09-30,0.0977052187268521
1945-10-31,0.08836511882208543
1945-11-30,0.10374894334593598
1945-12-31,0.12040871319626074
1946-01-31,0.13683780473877113
1946-02-28,0.24073792707629563
1946-03-31,0.11396422821521714
1946-04-30,0.08475803342744392
1946-05-31,0.09651270019484795
1946-06-30,0.12982080712469432
1946-07-31,0.1362337554958478
1946-08-31,0.14501062868902412
1946-09-30,0.41717760312626057
1946-10-31,0.2278357124061883
1946-11-30,0.17851605194909984
1946-12-31,0.14476555349180936
1947-01-31,0.12423136114802381
1947-02-28,0.10698489849143288
1947-03-31,0.14008467500087676
1947-04-30,0.13848987160761403
1947-05-31,0.14131278419331944
1947-06-30,0.1292208057571327
1947-07-31,0.1290499401870752
1947-08-31,0.09506628761733293
1947-09-30,0.11259431283444016
1947-10-31,0.08608887746932925
1947-11-30,0.054972251941543086
1947-12-31,0.08595518198522543
1948-01-31,0.09357903886509462
1948-02-29,0.1278133872717129
1948-03-31,0.11870719744885813
1948-04-30,0.06063351558379677
1948-05-31,0.09100100340723051
1948-06-30,0.09192499243298081
1948-07-31,0.158695935265035
1948-08-31,0.0918990580954559
1948-09-30,0.15072164952231748
1948-10-31,0.07191614020143913
1948-11-30,0.22049737707208594
1948-12-31,0.08316639897337916
1949-01-31,0.10480330437576128
1949-02-28,0.10535161971494326
1949-03-31,0.08944406483742531
1949-04-30,0.060997695326226384
1949-05-31,0.08507291267883323
1949-06-30,0.12498159373268775
1949-07-31,0.059332022063176615
1949-08-31,0.0906051327708646
1949-09-30,0.12531058249729246
1949-10-31,0.07148518322388828
1949-11-30,0.07252301409299038
1949-12-31,0.05918658817851466
1950-01-31,0.08908538824640869
1950-02-28,0.0557414719128225
1950-03-31,0.07335933369812805
1950-04-30,0.07399578419205421
1950-05-31,0.056519906434115676
1950-06-30,0.24180030490300683
1950-07-31,0.19074734159705953
1950-08-31,0.08039328500165736
1950-09-30,0.10135396678443015
1950-10-31,0.11027926749646082
1950-11-30,0.15327247823811985
1950-12-31,0.15124654411323865
1951-01-31,0.10951986437908584
1951-02-28,0.07045265871823272
1951-03-31,0.1045054073332188
1951-04-30,0.0854135348545565
1951-05-31,0.09623165441993739
1951-06-30,0.10618602596701723
1951-07-31,0.08717668409589513
1951-08-31,0.0652893432964654
1951-09-30,0.06338629399929692
1951-10-31,0.11623125657780839
1951-11-30,0.08683338254045815
1951-12-31,0.051639149947863415
1952-01-31,0.05772293956139762
1952-02-29,0.08865646846376275
1952-03-31,0.05795255733648463
1952-04-30,0.07601181533054027
1952-05-31,0.06320116981648245
1952-06-30,0.040142927756672775
1952-07-31,0.04887699789025614
1952-08-31,0.05165697805777378
1952-09-30,0.06371864978063288
1952-10-31,0.0925255207810886
1952-11-30,0.06117212235995632
1952-12-31,0.03660959208106085
1953-01-31,0.0592485377349625
1953-02-28,0.06166331892808007
1953-03-31,0.08545962002737086
1953-04-30,0.10429503406310757
1953-05-31,0.07097286959157181
1953-06-30,0.11067154780760176
1953-07-31,0.06933304176557549
1953-08-31,0.08110457999385401
1953-09-30,0.11339538689270995
1953-10-31,0.06824951024061758
1953-11-30,0.05682318329524671
1953-12-31,0.06303167731479317
1954-01-31,0.06395253138227765
1954-02-28,0.06345786874474829
1954-03-31,0.05735944437280224
1954-04-30,0.07351414455463726
1954-05-31,0.04999586129942107
1954-06-30,0.09396640062404901
1954-07-31,0.062199205601263435
1954-08-31,0.09741612376030315
1954-09-30,0.0579461230217231
1954-10-31,0.06904025110866739
1954-11-30,0.08844087821197956
1954-12-31,0.0816353828733617
1955-01-31,0.14875403783639157
1955-02-28,0.07409719191020989
1955-03-31,0.16278310752136868
1955-04-30,0.06769318657579204
1955-05-31,0.08689128365764723
1955-06-30,0.05327138126158994
1955-07-31,0.09727685684330882
1955-08-31,0.09144438435594358
1955-09-30,0.24696801301169788
1955-10-31,0.14944117772816778
1955-11-30,0.0935826859768974
1955-12-31,0.05972796405705778
1956-01-31,0.10887045343193022
1956-02-29,0.10149333018660503
1956-03-31,0.0717289996848103
1956-04-30,0.0945392118762893
1956-05-31,0.12898952051416715
1956-06-30,0.10201333674476955
1956-07-31,0.054754603813595565
1956-08-31,0.10233795832895543
1956-09-30,0.0858933003141762
1956-10-31,0.12054871921578741
1956-11-30,0.1273615549729054
1956-12-31,0.08301998023621192
1957-01-31,0.08317160208985995
1957-02-28,0.1130535755084412
1957-03-31,0.06025724568852187
1957-04-30,0.048093530958762794
1957-05-31,0.06454713199764502
1957-06-30,0.08461240435302071
1957-07-31,0.07600274023374355
1957-08-31,0.1503638231697043
1957-09-30,0.12661939494635963
1957-10-31,0.23537632092588295
1957-11-30,0.2034612717810912
1957-12-31,0.11613541167851804
1958-01-31,0.08738348213690793
1958-02-28,0.09205727292159294
1958-03-31,0.07334807762156072
1958-04-30,0.08811953770565557
1958-05-31,0.06595228129694053
1958-06-30,0.06818719018462936
1958-07-31,0.07715406616085103
1958-08-31,0.0815785747113205
1958-09-30,0.06553024498702215
1958-10-31,0.08799504484827214
1958-11-30,0.13898487840724744
1958-12-31,0.07890384952278771
1959-01-31,0.08166703058409651
1959-02-28,0.10079284418005954
1959-03-31,0.07505327369519486
1959-04-30,0.06620480239699525
1959-05-31,0.07114666473631973
1959-06-30,0.10383781061821329
1959-07-31,0.0674221629773289
1959-08-31,0.11330067627913923
1959-09-30,0.13792997844979046
1959-10-31,0.08331871684886848
1959-11-30,0.07358444614145163
1959-12-31,0.05388779566067739
1960-01-31,0.0884182157442342
1960-02-29,0.115730299814508
1960-03-31,0.10277984144213943
1960-04-30,0.0848341932816427
1960-05-31,0.06812816360163634
1960-06-30,0.07190424240661514
1960-07-31,0.11006807062727114
1960-08-31,0.08100115709389495
1960-09-30,0.13814270672528925
1960-10-31,0.11527797026920795
1960-11-30,0.08148053944580198
1960-12-31,0.06221401915341009
1961-01-31,0.07837018217923142
1961-02-28,0.07801507214216853
1961-03-31,0.06123884397989458
1961-04-30,0.11647623943474865
1961-05-31,0.0651727440457067
1961-06-30,0.07619519670401229
1961-07-31,0.08351403317903526
1961-08-31,0.0628644933913696
1961-09-30,0.09875664023838886
1961-10-31,0.051126888744067386
1961-11-30,0.0566080910376961
1961-12-31,0.0605131257532961
1962-01-31,0.08954020104327973
1962-02-28,0.05547607578591152
1962-03-31,0.05656618973758683
1962-04-30,0.10291347846458433
1962-05-31,0.3425151625460392
1962-06-30,0.2708214424816964
1962-07-31,0.1409492002233767
1962-08-31,0.09032114625124135
1962-09-30,0.1137951017319685
1962-10-31,0.1893956540700005
1962-11-30,0.09841243194295349
1962-12-31,0.08030643847820321
1963-01-31,0.07975003629148557
1963-02-28,0.06559494753439828
1963-03-31,0.05760709862341112
1963-04-30,0.045634103188729604
1963-05-31,0.05108865599412252
1963-06-30,0.05322322691678414
1963-07-31,0.07331204720409272
1963-08-31,0.04684242168957679
1963-09-30,0.06446306683921903
1963-10-31,0.06857854638883554
1963-11-30,0.2199855277556785
1963-12-31,0.052127904755880375
1964-01-31,0.043035374981466076
1964-02-29,0.028200643474086066
1964-03-31,0.033153653821369866
1964-04-30,0.0540037922511055
1964-05-31,0.04819157174880777
1964-06-30,0.06596615980703781
1964-07-31,0.044730869393031995
1964-08-31,0.0686885390231217
1964-09-30,0.03608478793523567
1964-10-31,0.04528212703995672
1964-11-30,0.05342655237802273
1964-12-31,0.06119268444224108
1965-01-31,0.03549475178142699
1965-02-28,0.0682462381160021
1965-03-31,0.037134118163439846
1965-04-30,0.03545126555125383
1965-05-31,0.06600555919096689
1965-06-30,0.14532686808631612
1965-07-31,0.08040172633786113
1965-08-31,0.030412774521599035
1965-09-30,0.054383574961234124
1965-10-31,0.04355021737089243
1965-11-30,0.03907904492746335
1965-12-31,0.05813557998238883
1966-01-31,0.04005462090105658
1966-02-28,0.06448717498209508
1966-03-31,0.10548064658810284
1966-04-30,0.061570046103869014
1966-05-31,0.1512088638688211
1966-06-30,0.07800464773208199
1966-07-31,0.11520889181250968
1966-08-31,0.18174919668805475
1966-09-30,0.13550185626763156
1966-10-31,0.17233948296667967
1966-11-30,0.09609936524799716
1966-12-31,0.08182752879534001
1967-01-31,0.07294318406705728
1967-02-28,0.07325041218873479
1967-03-31,0.06798700193211298
1967-04-30,0.0989224636005396
1967-05-31,0.09243482830786726
1967-06-30,0.11254618213937911
1967-07-31,0.03991982912204083
1967-08-31,0.05696288608118442
1967-09-30,0.05925563299487776
1967-10-31,0.0669684514595281
1967-11-30,0.11293360913992188
1967-12-31,0.05426557585555917
1968-01-31,0.07595629398519353
1968-02-29,0.1108907097112316
1968-03-31,0.13955015442100138
1968-04-30,0.12834797309292945
1968-05-31,0.06386790313473246
1968-06-30,0.08685169394426906
1968-07-31,0.1158133812333172
1968-08-31,0.06088459136245424
1968-09-30,0.05251634134156035
1968-10-31,0.05600599188982679
1968-11-30,0.042648170340322804
1968-12-31,0.055701607833958916
1969-01-31,0.08910010519370985
1969-02-28,0.08729379059203467
1969-03-31,0.08301087836252917
1969-04-30,0.08211411314424044
1969-05-31,0.06967805116655852
1969-06-30,0.09231624586320748
1969-07-31,0.17077248055800917
1969-08-31,0.10891842708664547
1969-09-30,0.10639875299422143
1969-10-31,0.09201121839790248
1969-11-30,0.08385179157271155
1969-12-31,0.12814600608796747
1970-01-31,0.10591366202898304
1970-02-28,0.10950379597811523
1970-03-31,0.11028503114976591
1970-04-30,0.12946479726510407
1970-05-31,0.33351467228476955
1970-06-30,0.180026169735265
1970-07-31,0.1459396864863912
1970-08-31,0.14920902906214534
1970-09-30,0.11704097499247632
1970-10-31,0.10914000551886321
1970-11-30,0.10359893773064074
1970-12-31,0.07031587019808105
1971-01-31,0.07485684131962643
1971-02-28,0.08402594590631844
1971-03-31,0.06893605683032088
1971-04-30,0.05262306228303524
1971-05-31,0.0789612146926616
1971-06-30,0.10735289681223531
1971-07-31,0.07755680987115388
1971-08-31,0.17173748800293914
1971-09-30,0.09220867219110114
1971-10-31,0.08833858402069254
1971-11-30,0.15230434078391122
1971-12-31,0.10067220482039752
1972-01-31,0.07984241549053157
1972-02-29,0.05482948504095994
1972-03-31,0.0838681142212602
1972-04-30,0.07169940803385612
1972-05-31,0.09596129934013173
1972-06-30,0.062431945767850536
1972-07-31,0.0864062571968411
1972-08-31,0.07743038907660699
1972-09-30,0.0783984525436088
1972-10-31,0.09771447514823155
1972-11-30,0.0657377172445994
1972-12-31,0.08044799082468274
1973-01-31,0.09734892511803767
1973-02-28,0.12339659398092719
1973-03-31,0.13422404435232516
1973-04-30,0.13492843350461461
1973-05-31,0.19392538666643583
1973-06-30,0.15972527044070947
1973-07-31,0.14775884613174317
1973-08-31,0.10677224550258445
1973-09-30,0.09941919420734223
1973-10-31,0.11923647790089191
1973-11-30,0.21750098977934032
1973-12-31,0.251553169815694
1974-01-31,0.18626581802218356
1974-02-28,0.15537291375531337
1974-03-31,0.1373406532691422
1974-04-30,0.1384139986902294
1974-05-31,0.15731918482137944
1974-06-30,0.17080610061890222
1974-07-31,0.23002129672671467
1974-08-31,0.21860747666755204
1974-09-30,0.31399795670912567
1974-10-31,0.30038794689731524
1974-11-30,0.20261828643930718
1974-12-31,0.21166132506233745
1975-01-31,0.192204983152715
1975-02-28,0.15307887059496905
1975-03-31,0.1652923494522019
1975-04-30,0.148940297562512
1975-05-31,0.1369881429532012
1975-06-30,0.11886616525271936
1975-07-31,0.11238131124579284
1975-08-31,0.1702010727177564
1975-09-30,0.16133591453536375
1975-10-31,0.14172457685055964
1975-11-30,0.0975649022130355
1975-12-31,0.1280892512666318
1976-01-31,0.12144385596100842
1976-02-29,0.12335121002716067
1976-03-31,0.10971243111725093
1976-04-30,0.10816189570440411
1976-05-31,0.10625690816065676
1976-06-30,0.0944182318771844
1976-07-31,0.07242798118975627
1976-08-31,0.08772311785010736
1976-09-30,0.09183481948607389
1976-10-31,0.11555932069715777
1976-11-30,0.10985227808669364
1976-12-31,0.06699409801184025
1977-01-31,0.07726853969915948
1977-02-28,0.06048125568328001
1977-03-31,0.07974050340813871
1977-04-30,0.1057133016600422
1977-05-31,0.0798996307620736
1977-06-30,0.0666474161679267
1977-07-31,0.07953498340292706
1977-08-31,0.06978026253396531
1977-09-30,0.07136587146836955
1977-10-31,0.08672843272856391
1977-11-30,0.1222464826681071
1977-12-31,0.0869624065363347
1978-01-31,0.09314715487967937
1978-02-28,0.08266811794338252
1978-03-31,0.07325696930145009
1978-04-30,0.11952391088974124
1978-05-31,0.09670765239116846
1978-06-30,0.10075136234824275
1978-07-31,0.08896725852724736
1978-08-31,0.09828107546160986
1978-09-30,0.11023805235359783
1978-10-31,0.14703168342047065
1978-11-30,0.19776125249809495
1978-12-31,0.15315061225041998
1979-01-31,0.10096442440741013
1979-02-28,0.09769616498925936
1979-03-31,0.08321093685031504
1979-04-30,0.08558388555856393
1979-05-31,0.10261357810571077
1979-06-30,0.0749132945952448
1979-07-31,0.08964144858093553
1979-08-31,0.06142846694856822
1979-09-30,0.12497850018809038
1979-10-31,0.18251063865896527
1979-11-30,0.1284214274635385
1979-12-31,0.07266701372955482
1980-01-31,0.13915474243773027
1980-02-29,0.1447082010840408
1980-03-31,0.24495527874566475
1980-04-30,0.17910116543947652
1980-05-31,0.1281173726458015
1980-06-30,0.12021364781286636
1980-07-31,0.11277672575317724
1980-08-31,0.14448908295049467
1980-09-30,0.17706749173633685
1980-10-31,0.15687692986367704
1980-11-30,0.15145848410557894
1980-12-31,0.18182051993644716
1981-01-31,0.13917857991500548
1981-02-28,0.14341829027533418
1981-03-31,0.1346627385227947
1981-04-30,0.09957983950935795
1981-05-31,0.10230400640052699
1981-06-30,0.10651786304243198
1981-07-31,0.11002598210804
1981-08-31,0.142655059836677
1981-09-30,0.18698401700378475
1981-10-31,0.14747945714524377
1981-11-30,0.12517958038288074
1981-12-31,0.09174541190841787
1982-01-31,0.17182858033259243
1982-02-28,0.13503533582549965
1982-03-31,0.134349340069082
1982-04-30,0.10657801497171507
1982-05-31,0.09598945657428305
1982-06-30,0.12557367825363364
1982-07-31,0.09683320994403961
1982-08-31,0.2337446032879445
1982-09-30,0.15450052672169876
1982-10-31,0.2386808979606106
1982-11-30,0.23015169979109285
1982-12-31,0.14835651309205738
1983-01-31,0.18873484656338985
1983-02-28,0.13797788763572494
1983-03-31,0.11205675209075903
1983-04-30,0.1076025967630644
1983-05-31,0.11207499346176905
1983-06-30,0.12093192414121913
1983-07-31,0.1579400003410096
1983-08-31,0.11185888663584723
1983-09-30,0.1037901470110125
1983-10-31,0.10660553335549082
1983-11-30,0.08716778765793305
1983-12-31,0.06716488888162186
1984-01-31,0.09278136882095539
1984-02-29,0.1467676702840594
1984-03-31,0.11194137970051178
1984-04-30,0.09823548234462255
1984-05-31,0.09179943079494565
1984-06-30,0.12145257609695544
1984-07-31,0.08834224879610739
1984-08-31,0.16100657546899227
1984-09-30,0.09194497149550541
1984-10-31,0.10220381212330425
1984-11-30,0.09646617821087683
1984-12-31,0.10283146337622662
1985-01-31,0.10767793084581619
1985-02-28,0.088479723375027
1985-03-31,0.08809688619197198
1985-04-30,0.06569048897573022
1985-05-31,0.0827117402623442
1985-06-30,0.07759777595145675
1985-07-31,0.0821756667864058
1985-08-31,0.07502456940738975
1985-09-30,0.08988792051278295
1985-10-31,0.08305762226009976
1985-11-30,0.080173092178812
1985-12-31,0.1028815921056998
1986-01-31,0.12658884558768674
1986-02-28,0.08423313590190568
1986-03-31,0.09598865646837429
1986-04-30,0.14699900427470133
1986-05-31,0.1018295799929619
1986-06-30,0.11231977666155403
1986-07-31,0.14998850085324036
1986-08-31,0.0948557050390828
1986-09-30,0.193096487094895
1986-10-31,0.08098767461263423
1986-11-30,0.126101283891083
1986-12-31,0.10120348884708541
1987-01-31,0.1365639546540484
1987-02-28,0.11518016458720139
1987-03-31,0.13032914538524296
1987-04-30,0.1920223285124475
1987-05-31,0.14805133992701985
1987-06-30,0.08376146240548486
1987-07-31,0.0748171145465804
1987-08-31,0.1260127037392491
1987-09-30,0.14286939666424808
1987-10-31,0.7838537302031191
1987-11-30,0.2539749712088238
1987-12-31,0.23626866178855552
1988-01-31,0.2856707927990118
1988-02-29,0.12303600015306995
1988-03-31,0.115414420390873
1988-04-30,0.17309286205284685
1988-05-31,0.14207986592594254
1988-06-30,0.1313524830116268
1988-07-31,0.11864325890653406
1988-08-31,0.1064955433376828
1988-09-30,0.09306817864312157
1988-10-31,0.11259055872784976
1988-11-30,0.10878289504283095
1988-12-31,0.0640088875113329
1989-01-31,0.07960438366449629
1989-02-28,0.10406736565336192
1989-03-31,0.10313241869642592
1989-04-30,0.08005616943949319
1989-05-31,0.08543247981863787
1989-06-30,0.1126067272474396
1989-07-31,0.0747211084419988
1989-08-31,0.10135598927240808
1989-09-30,0.07032235604240569
1989-10-31,0.22211113039358088
1989-11-30,0.08501555299173666
1989-12-31,0.0959463567234009
1990-01-31,0.15037796312300983
1990-02-28,0.0990383399939886
1990-03-31,0.0919936540333845
1990-04-30,0.09779959264224557
1990-05-31,0.09036685803483091
1990-06-30,0.1110857835553101
1990-07-31,0.11067261866454255
1990-08-31,0.24175111903961563
1990-09-30,0.14198409695841016
1990-10-31,0.20553601041491867
1990-11-30,0.1464330134171582
1990-12-31,0.08884699167951783
1991-01-31,0.1719911875837968
1991-02-28,0.15378457599957143
1991-03-31,0.11880075150527132
1991-04-30,0.13785363741636256
1991-05-31,0.11817079401876386
1991-06-30,0.10312622261831922
1991-07-31,0.09380062117480112
1991-08-31,0.1431875519089738
1991-09-30,0.07484266764561111
1991-10-31,0.10472725739024721
1991-11-30,0.1483237754652635
1991-12-31,0.12478375993353134
1992-01-31,0.09689405481939899
1992-02-29,0.10266692025858018
1992-03-31,0.0718593719630734
1992-04-30,0.13868553078023763
1992-05-31,0.07970185045736507
1992-06-30,0.09167218083175936
1992-07-31,0.08960617194947168
1992-08-31,0.06355587699946447
1992-09-30,0.09501480615419894
1992-10-31,0.09636728232576115
1992-11-30,0.06791260151617254
1992-12-31,0.06033681323257581
1993-01-31,0.06313496698177315
1993-02-28,0.12877205839962658
1993-03-31,0.09052087994629023
1993-04-30,0.10226341278123306
1993-05-31,0.0870138165610089
1993-06-30,0.07606995461435875
1993-07-31,0.06848035435760895
1993-08-31,0.04529393954708963
1993-09-30,0.07523570617685708
1993-10-31,0.05556125365131799
1993-11-30,0.08988915029279472
1993-12-31,0.048029719844551975
1994-01-31,0.0583136301709186
1994-02-28,0.10901792261864252
1994-03-31,0.09822187909872594
1994-04-30,0.13520025844234315
1994-05-31,0.08987523768693854
1994-06-30,0.09073803809589609
1994-07-31,0.057927481470578364
1994-08-31,0.061168254335229204
1994-09-30,0.08394203825076989
1994-10-31,0.10609146082235471
1994-11-30,0.0888782510892894
1994-12-31,0.08651606092694766
1995-01-31,0.056298416954418125
1995-02-28,0.07041451285971287
1995-03-31,0.06413129861220392
1995-04-30,0.04654367012193907
1995-05-31,0.08761466510665426
1995-06-30,0.08035671721956181
1995-07-31,0.09986437751094067
1995-08-31,0.046074151992599635
1995-09-30,0.06361751396073947
1995-10-31,0.08550608860993356
1995-11-30,0.07127358535273337
1995-12-31,0.09978459301273455
1996-01-31,0.116339608760893
1996-02-29,0.10402709158798806
1996-03-31,0.1308240269097474
1996-04-30,0.09794717469851262
1996-05-31,0.0997431852467852
1996-06-30,0.07749356210732129
1996-07-31,0.17236133350466584
1996-08-31,0.10573476981507941
1996-09-30,0.0754205472816528
1996-10-31,0.07263098735817719
1996-11-30,0.06805036013883578
1996-12-31,0.11936756670857968
1997-01-31,0.10201436019313927
1997-02-28,0.12204932552197238
1997-03-31,0.13723356379281013
1997-04-30,0.16350297177576836
1997-05-31,0.13137079365305082
1997-06-30,0.12204385265757714
1997-07-31,0.11958238879033165
1997-08-31,0.14062142140817335
1997-09-30,0.13412775867997204
1997-10-31,0.29436945092765593
1997-11-30,0.1713597980829239
1997-12-31,0.1439284950070311
1998-01-31,0.1632182506749385
1998-02-28,0.08999664709976242
1998-03-31,0.0986265121224583
1998-04-30,0.13527222613273
1998-05-31,0.09797759557072142
1998-06-30,0.14434119852318253
1998-07-31,0.14489711046993994
1998-08-31,0.3146780269508433
1998-09-30,0.3182694070871885
1998-10-31,0.26353125343246164
1998-11-30,0.1446849645704859
1998-12-31,0.17129444093599197
1999-01-31,0.18577629985840774
1999-02-28,0.201544722540997
1999-03-31,0.17289607553778072
1999-04-30,0.16792352322794002
1999-05-31,0.17969663690885546
1999-06-30,0.15942629999391636
1999-07-31,0.13521571049603107
1999-08-31,0.17566771030937217
1999-09-30,0.16720537751146877
1999-10-31,0.22288724898304957
1999-11-30,0.12563456723007682
1999-12-31,0.10264250419936176
2000-01-31,0.262383062894683
2000-02-29,0.18063408931692665
2000-03-31,0.2627842378822683
2000-04-30,0.38057290807488076
2000-05-31,0.27412529754033166
2000-06-30,0.18946313893910743
2000-07-31,0.1797082874871494
2000-08-31,0.09784962340558485
2000-09-30,0.15073166626865073
2000-10-31,0.2897982357611017
2000-11-30,0.22102035548291502
2000-12-31,0.29846361526343446
2001-01-31,0.2636152181041996
2001-02-28,0.17493803805619632
2001-03-31,0.28875054157811
2001-04-30,0.31466393885823696
2001-05-31,0.17546429567027655
2001-06-30,0.14063526789400888
2001-07-31,0.17894447702783162
2001-08-31,0.14374482582969492
2001-09-30,0.30368547949019936
2001-10-31,0.19448961781775073
2001-11-30,0.1457234494049821
2001-12-31,0.15280128950525854
2002-01-31,0.15008476405738214
2002-02-28,0.17883726235849112
2002-03-31,0.15212485622605176
2002-04-30,0.15447950985938902
2002-05-31,0.20117101600584147
2002-06-30,0.1999087273715122
2002-07-31,0.3935763567962846
2002-08-31,0.3162482540407824
2002-09-30,0.2768534292177544
2002-10-31,0.3462098868689058
2002-11-30,0.22754297874053342
2002-12-31,0.16567173972185462
2003-01-31,0.22591474306791615
2003-02-28,0.16825681491472472
2003-03-31,0.25737136270551353
2003-04-30,0.1696042085569839
2003-05-31,0.14918014536915306
2003-06-30,0.15534016070447762
2003-07-31,0.14556493741500537
2003-08-31,0.10607716497845747
2003-09-30,0.14756956733864537
2003-10-31,0.11941411758695325
2003-11-30,0.11155791298380338
2003-12-31,0.098912088384483
2004-01-31,0.09824278590019686
2004-02-29,0.09823679786045039
2004-03-31,0.15527493819189825
2004-04-30,0.1256088505099443
2004-05-31,0.12315486304915893
2004-06-30,0.09939501186696861
2004-07-31,0.09855021199734652
2004-08-31,0.13542096957590888
2004-09-30,0.09158983896382486
2004-10-31,0.11880911848837843
2004-11-30,0.09046670889659157
2004-12-31,0.08612510404952775
2005-01-31,0.1050302707652694
2005-02-28,0.10300006805023178
2005-03-31,0.09197530741065621
2005-04-30,0.14589473823697954
2005-05-31,0.10107171265547747
2005-06-30,0.07841549676282117
2005-07-31,0.08578001789038486
2005-08-31,0.09101163592865208
2005-09-30,0.08594453446746933
2005-10-31,0.15893554133335644
2005-11-30,0.08141784723059005
2005-12-31,0.07574179742447058
2006-01-31,0.10398892015245112
2006-02-28,0.09100239597528642
2006-03-31,0.08213713124117505
2006-04-30,0.08778804200143528
2006-05-31,0.12995917357281672
2006-06-30,0.17622186213237043
2006-07-31,0.14948476425922824
2006-08-31,0.07899866606445015
2006-09-30,0.08412625795010047
2006-10-31,0.07761212115471358
2006-11-30,0.08867124322175048
2006-12-31,0.06867629290998087
2007-01-31,0.07592996952056347
2007-02-28,0.1376632589787733
2007-03-31,0.14216375272654486
2007-04-30,0.0812289372171826
2007-05-31,0.091249527226773
2007-06-30,0.13431111334223003
2007-07-31,0.16351840195921077
2007-08-31,0.23718397847808875
2007-09-30,0.15248582429978874
2007-10-31,0.14210316920729368
2007-11-30,0.2533824439162796
2007-12-31,0.17502325532928475
2008-01-31,0.22388854344415388
2008-02-29,0.20172700926682732
2008-03-31,0.2845689201715461
2008-04-30,0.17700829861912726
2008-05-31,0.12811624783187964
2008-06-30,0.18274374591122236
2008-07-31,0.21929485713643762
2008-08-31,0.19361440892064977
2008-09-30,0.5122047700690434
2008-10-31,0.7923363159053112
2008-11-30,0.6999365529290872
2008-12-31,0.4896287434695558
2009-01-31,0.38552461261308074
2009-02-28,0.34657678002318604
2009-03-31,0.49903718420969234
2009-04-30,0.31176125639067764
2009-05-31,0.29972781872597565
2009-06-30,0.22097419975369711
2009-07-31,0.2090936984977163
2009-08-31,0.17685309133138735
2009-09-30,0.1601454740156887
2009-10-31,0.22985664788374824
2009-11-30,0.1625176740157901
2009-12-31,0.10761807949358786
2010-01-31,0.15736236469887874
2010-02-28,0.18004896786165214
2010-03-31,0.08463987399544383
2010-04-30,0.15267923890558047
2010-05-31,0.3268794544290409
2010-06-30,0.2687432210449604
2010-07-31,0.20244894138307135
2010-08-31,0.18538161230807176
2010-09-30,0.15800158828580269
2010-10-31,0.11943416903631064
2010-11-30,0.15081858125643044
2010-12-31,0.08493256748286863
2011-01-31,0.11050657331896982
2011-02-28,0.12340682656033809
2011-03-31,0.16181840011016685
2011-04-30,0.09246580735356659
2011-05-31,0.11747626906789095
2011-06-30,0.17278766566545015
2011-07-31,0.15773252441186306
2011-08-31,0.4866230263997583
2011-09-30,0.29251182106251855
2011-10-31,0.31901960715039923
2011-11-30,0.3145983069624066
2011-12-31,0.19428334352917553
2012-01-31,0.08814118733957178
2012-02-29,0.09305841959682806
2012-03-31,0.12720104770485338
2012-04-30,0.15220257128316686
2012-05-31,0.13401376029792342
2012-06-30,0.21517215954000252
2012-07-31,0.13959861637592014
2012-08-31,0.09401195435783503
2012-09-30,0.11779261003675255
2012-10-31,0.10008202473602062
2012-11-30,0.1505302102272042
2012-12-31,0.10686487599162146
2013-01-31,0.09362858747169485
2013-02-28,0.1272212968060949
2013-03-31,0.07124464945341386
2013-04-30,0.1513793571625921
2013-05-31,0.10914225064036098
2013-06-30,0.17343801791117858
2013-07-31,0.07129241395470434
2013-08-31,0.10868053293840657
2013-09-30,0.0834384383279292
2013-10-31,0.12696889196241448
2013-11-30,0.09076775767372644
2013-12-31,0.08982229366261045
2014-01-31,0.1225467535247626
2014-02-28,0.12521841961309857
2014-03-31,0.10645246698928376
2014-04-30,0.13532585085261342
2014-05-31,0.08211891481715755
2014-06-30,0.058112390699584175
2014-07-31,0.10340381079313639
2014-08-31,0.07546833558037
2014-09-30,0.09392163361167732
2014-10-31,0.18383362794572697
2014-11-30,0.05101921659542617
2014-12-31,0.1543445722972524
2015-01-31,0.16015666239233217
2015-02-28,0.09627120896954602
2015-03-31,0.13615998817330321
2015-04-30,0.08276443985665721
2015-05-31,0.09804072602970086
2015-06-30,0.11147075110425875
2015-07-31,0.113184653025746
2015-08-31,0.2557445741221629
2015-09-30,0.21705725913772075
2015-10-31,0.13315671568834378
2015-11-30,0.11768844936408676
2015-12-31,0.1754363293731565
2016-01-31,0.23745116622557466
2016-02-29,0.19597456790833684
2016-03-31,0.12464894296878046
2016-04-30,0.1069455302559472
2016-05-31,0.11106289370987661
2016-06-30,0.1965106659322204
2016-07-31,0.07814058538716669
2016-08-31,0.06205415037956631
2016-09-30,0.14648824086795054
2016-10-31,0.07113431687180488
2016-11-30,0.10502060920246827
2016-12-31,0.08131532244282748
2017-01-31,0.07131850183766754
2017-02-28,0.05460373149235384
2017-03-31,0.0878012750506621
2017-04-30,0.07626032983265993
2017-05-31,0.08116871553683651
2017-06-30,0.0778382794823353
2017-07-31,0.058650156289649584
2017-08-31,0.09312890461622252
2017-09-30,0.05480771656991499
2017-10-31,0.049639685564035876
2017-11-30,0.06144405715296141
2017-12-31,0.05681421644499069
2018-01-31,0.08471866816139725
2018-02-28,0.2496635185588758
2018-03-31,0.18431978832885182
2018-04-30,0.16434581914637877
2018-05-31,0.09595570871144611
2018-06-30,0.09101836496061791
2018-07-31,0.08184075771265115
2018-08-31,0.0721008522510589
2018-09-30,0.05681217424460719
2018-10-31,0.21850281737330118
2018-11-30,0.1826761545553934
2018-12-31,0.2777964292626206
2019-01-31,0.17119260759273924
