DATE,production,cpi,3mlibor,gvnbond10y,intrate,unemployment
1970-01-01,,,,7.7526,,
1970-02-01,,,,7.9037,,
1970-03-01,,,,8.1123,,
1970-04-01,,,,8.0727,,
1970-05-01,,,,8.2432,,
1970-06-01,,,,8.4474,,
1970-07-01,,,,8.3504,,
1970-08-01,,,,8.3939,,
1970-09-01,,,,8.41,,
1970-10-01,,,,8.4266,,
1970-11-01,,,,8.3732,,
1970-12-01,,,,8.222999999999999,,
1971-01-01,,,,7.906000000000001,,
1971-02-01,,,,7.8307,,
1971-03-01,,,,7.8452,,
1971-04-01,,,,7.8564,,
1971-05-01,,,,7.8969,,
1971-06-01,,,,8.039,,
1971-07-01,,,,8.0691,,
1971-08-01,,,,8.0168,,
1971-09-01,,,,7.995,,
1971-10-01,,,,7.9028,,
1971-11-01,,,,7.8459,,
1971-12-01,,,,7.7894,,
1972-01-01,,,,7.6783,,
1972-02-01,,,,7.558,,
1972-03-01,,,,7.5266,,
1972-04-01,,,,7.5822,,
1972-05-01,,,,7.5091,,
1972-06-01,,,,7.5579,,
1972-07-01,,,,7.5823,,
1972-08-01,,,,7.5773,,
1972-09-01,,,,7.5887,,
1972-10-01,,,,7.6969,,
1972-11-01,,,,7.8108,,
1972-12-01,,,,7.9364,,
1973-01-01,,,,8.0049,,
1973-02-01,,,,7.9358,,
1973-03-01,,,,7.9869,,
1973-04-01,,,,8.0678,,
1973-05-01,,,,8.3608,,
1973-06-01,,,,8.487,,
1973-07-01,,,,8.5397,,
1973-08-01,,,,8.5913,,
1973-09-01,,,,8.6748,,
1973-10-01,,,,8.6125,,
1973-11-01,,,,8.6814,,
1973-12-01,,,,8.8539,,
1974-01-01,,,,9.0286,,
1974-02-01,,,,9.399,,
1974-03-01,,,,9.5933,,
1974-04-01,,,,9.7112,,
1974-05-01,,,,10.0002,,
1974-06-01,,,,10.482000000000001,,
1974-07-01,,,,10.6275,,
1974-08-01,,,,10.7212,,
1974-09-01,,,,10.745,,
1974-10-01,,,,10.7186,,
1974-11-01,,,,10.4901,,
1974-12-01,,,,10.5528,,
1975-01-01,,,,10.0865,,
1975-02-01,,,,9.8808,,
1975-03-01,,,,9.7282,,
1975-04-01,,,,9.735,,
1975-05-01,,,,9.5184,,
1975-06-01,,,,9.4415,,
1975-07-01,,,,9.3352,,
1975-08-01,,,,9.432,,
1975-09-01,,,,9.558,,
1975-10-01,,,,9.3803,,
1975-11-01,,,,9.2408,,
1975-12-01,,,,9.241,,
1976-01-01,,,,9.3627,,
1976-02-01,,,,9.3867,,
1976-03-01,,,,9.5429,,
1976-04-01,,,,9.841000000000001,,
1976-05-01,,,,10.0866,,
1976-06-01,,,,10.3845,,
1976-07-01,,,,10.1639,,
1976-08-01,,,,10.4178,,
1976-09-01,,,,10.3951,,
1976-10-01,,,,10.5423,,
1976-11-01,,,,10.377,,
1976-12-01,,,,10.3871,,
1977-01-01,,,,10.3235,,
1977-02-01,,,,10.3427,,
1977-03-01,,,,10.2666,,
1977-04-01,,,,10.2781,,
1977-05-01,,,,10.1676,,
1977-06-01,,,,10.2235,,
1977-07-01,,,,10.1503,,
1977-08-01,,,,10.085,,
1977-09-01,,,,10.0194,,
1977-10-01,,,,10.0354,,
1977-11-01,,,,9.9699,,
1977-12-01,,,,9.9375,,
1978-01-01,,,,9.7574,,
1978-02-01,,,,9.7459,,
1978-03-01,,,,9.6471,,
1978-04-01,,,,9.5186,,
1978-05-01,,,,9.6363,,
1978-06-01,,,,9.5711,,
1978-07-01,,,,9.5751,,
1978-08-01,,,,9.526,,
1978-09-01,,,,9.629,,
1978-10-01,,,,9.8057,,
1978-11-01,,,,9.8495,,
1978-12-01,,,,9.6583,,
1979-01-01,,,,9.6236,,
1979-02-01,,,,9.7419,,
1979-03-01,,,,9.8235,,
1979-04-01,,,,9.9274,,
1979-05-01,,,,10.201,,
1979-06-01,,,,10.3992,,
1979-07-01,,,,10.5292,,
1979-08-01,,,,10.5991,,
1979-09-01,,,,10.6704,,
1979-10-01,,,,10.8468,,
1979-11-01,,,,11.1374,,
1979-12-01,,,,11.42,,
1980-01-01,66.4292222650124,,,11.5023,,
1980-02-01,65.96378437042789,,,12.0853,,
1980-03-01,65.8353877098528,,,12.685,,
1980-04-01,65.538470432273,,,12.5724,,
1980-05-01,64.8242640078244,,,12.2638,,
1980-06-01,65.3378506501246,,,12.1057,,
1980-07-01,64.6396938082477,,,12.1237,,
1980-08-01,65.8995860401404,,,12.164000000000001,,
1980-09-01,63.997710505372496,,,12.4537,,
1980-10-01,63.708818019078706,,,12.7621,,
1980-11-01,64.2143798700929,,,12.9068,,
1980-12-01,64.5112971476727,,,12.841,,
1981-01-01,63.307578454781705,,,12.9312,,
1981-02-01,64.3106773655242,,,13.4494,,
1981-03-01,63.8211650970819,,,13.7055,,
1981-04-01,63.65264448007711,,,13.9322,,
1981-05-01,64.4069748609555,,,14.7366,,
1981-06-01,63.909437801227206,,,14.8977,,
1981-07-01,64.198330287521,,,15.0344,,
1981-08-01,63.1230082552051,,,15.2041,,
1981-09-01,64.0137600879444,,,15.4353,,
1981-10-01,64.5514211041024,,,15.2036,,
1981-11-01,64.1180823746616,,,15.1985,,
1981-12-01,63.219305750636394,,,14.9096,,
1982-01-01,63.7007932277928,,,14.8468,,
1982-02-01,63.468074280500495,,,14.8963,,
1982-03-01,63.131033046491005,,,14.6102,,
1982-04-01,63.8612890535116,,,14.4708,,
1982-05-01,63.179181794206706,,,14.4345,,
1982-06-01,61.5661987457327,,,14.6425,,
1982-07-01,62.200157257322,,,14.5892,,
1982-08-01,61.574223537018604,,,14.2299,,
1982-09-01,61.967438310029706,,,13.9851,,
1982-10-01,61.3013806332966,,,13.8124,,
1982-11-01,61.01248814700279,,,13.8141,,
1982-12-01,60.193959435836895,,,13.4026,,
1983-01-01,61.6303970760202,,,13.1128,,
1983-02-01,61.365578963584205,,,13.0497,,
1983-03-01,62.01558705774529,,,12.8272,,
1983-04-01,61.702620197593696,,,12.7883,,
1983-05-01,61.9594135187438,,,12.935,,
1983-06-01,62.4007770394705,,,13.0909,,
1983-07-01,62.007562266459395,,,13.045,,
1983-08-01,62.3927522481845,,,13.145999999999999,,
1983-09-01,63.1230082552051,,,13.2007,,
1983-10-01,63.034735551059704,,,13.1173,,
1983-11-01,63.3156032460676,,,13.1762,,
1983-12-01,64.1662311223773,,,12.9664,,
1984-01-01,64.04585925308821,,,12.7903,,
1984-02-01,63.52424781950211,,,12.5778,,
1984-03-01,63.403875950213006,,,12.455,,
1984-04-01,63.395851158927,,,12.4637,,
1984-05-01,64.27857820038041,,,12.5921,,
1984-06-01,60.5470502524183,,,12.4619,,
1984-07-01,64.7761152601087,,,12.3281,,
1984-08-01,66.0199579094294,,,12.2078,,
1984-09-01,65.71501584056371,,,12.0916,,
1984-10-01,65.410073771698,,,11.6297,,
1984-11-01,65.4501977281277,,,11.4203,,
1984-12-01,66.2687264392936,,,11.2049,,
1985-01-01,65.8703099510604,,,10.855,,
1985-02-01,66.1912141691913,,,10.9617,,
1985-03-01,66.55931018410621,,,11.0255,,
1985-04-01,65.9552551852715,,,10.8583,,
1985-05-01,66.6820088557446,,,10.8509,,
1985-06-01,66.3233512001864,,,10.8231,,
1985-07-01,66.9179678396644,,,10.7913,,
1985-08-01,67.1539268235842,,,10.677999999999999,,
1985-09-01,67.0784199487299,,,10.5376,,
1985-10-01,67.6635982288511,,,10.4002,,
1985-11-01,67.9656257282685,,,10.2661,,
1985-12-01,67.80517361920299,,,10.2047,,
1986-01-01,68.5696807271032,,,9.9611,,
1986-02-01,67.80517361920299,,,9.9428,,
1986-03-01,67.60696807271029,,,9.3951,,
1986-04-01,69.14542064786761,,,8.7663,,
1986-05-01,67.8429270566302,,,8.4784,,
1986-06-01,68.6640643206712,,,8.5498,,
1986-07-01,68.9377767420182,,,8.5312,,
1986-08-01,68.49417385224889,,,8.3521,,
1986-09-01,68.69237939874151,,,8.3279,,
1986-10-01,68.9283383826614,,,8.4165,,
1986-11-01,68.5602423677464,,,8.535,,
1986-12-01,68.74900955488229,,,8.4674,,
1987-01-01,67.210556979725,,,8.4529,,
1987-02-01,69.0982288510836,,,8.5029,,
1987-03-01,68.7018177580984,,,8.4579,,
1987-04-01,69.3436261943603,,,8.4889,,
1987-05-01,69.8532975996271,,,8.6779,,
1987-06-01,69.2114891633652,,,8.9002,,
1987-07-01,69.6834071312048,,,9.1785,,
1987-08-01,69.7589140060592,,,9.5074,,
1987-09-01,70.0137497086926,,,9.7306,,
1987-10-01,70.3629690048939,,,9.995,,
1987-11-01,70.5045443952459,,,9.4947,,
1987-12-01,70.3818457236076,,,9.3506,,
1988-01-01,70.9481472850151,,,9.2041,,
1988-02-01,71.16522955022141,,,8.9186,,
1988-03-01,71.88254486133759,,,8.8357,,
1988-04-01,70.8537636914472,,,8.823,,
1988-05-01,71.9202982987648,,,8.9674,,
1988-06-01,71.9108599394081,,,8.8584,,
1988-07-01,71.136914472151,,,8.9715,,
1988-08-01,73.7041482171988,,,9.087,,
1988-09-01,72.93964110929849,,,9.0438,,
1988-10-01,72.3922162666045,,,8.9262,,
1988-11-01,73.13784665579121,,,8.93,,
1988-12-01,74.6479841528781,,,9.0858,,
1989-01-01,74.70461430901891,,,9.1623,,
1989-02-01,74.44977860638541,,,9.4056,,
1989-03-01,74.242134700536,,,9.6448,,
1989-04-01,76.0165462596131,,,9.596,,
1989-05-01,73.468189233279,,,9.6817,,
1989-06-01,76.12036821253791,,,9.6037,,
1989-07-01,75.30866930785359,,,9.5854,,
1989-08-01,78.02691680261009,,,9.5375,,
1989-09-01,76.158121649965,,,9.6914,,
1989-10-01,76.752738289443,,,9.8685,,
1989-11-01,76.7338615707294,,,10.1542,,
1989-12-01,77.5266837567,,,10.2373,,
1990-01-01,77.5455604754136,,,10.4502,,
1990-02-01,78.96131437893258,,,10.9205,,
1990-03-01,78.1401771148916,,,11.0549,,
1990-04-01,78.6309718014449,,,10.8743,,
1990-05-01,78.5932183640177,,,10.7959,,
1990-06-01,77.7720810999767,,,10.7063,,
1990-07-01,78.2345607084596,,,10.5673,,7.589816356940481
1990-08-01,78.67816359822879,,,10.9569,,7.64405348279086
1990-09-01,79.1028897692845,,,11.1356,,7.6992398582415
1990-10-01,79.4143556280587,,,11.079,,7.72448081002017
1990-11-01,78.47051969237941,,,10.9892,,7.762915111939441
1990-12-01,79.40491726870191,,,10.8649,,7.79253021767673
1991-01-01,81.0,,,10.8449,,7.790543385341179
1991-02-01,79.7,,,10.4413,,7.8084802827046795
1991-03-01,79.4,,,10.3725,,7.830969838843861
1991-04-01,78.7,,,10.1174,,7.869670022714959
1991-05-01,78.1,,,9.9855,,7.929185309703981
1991-06-01,80.0,,,10.0527,,7.5948524555919406
1991-07-01,78.7,,,10.2246,,7.763278532631889
1991-08-01,78.6,,,10.2017,,7.822946884965059
1991-09-01,78.6,,,10.0021,,7.84262729119874
1991-10-01,79.0,,,9.8719,,7.90077386013615
1991-11-01,79.8,,,9.9183,,7.954150048048401
1991-12-01,79.2,,,9.8923,,7.97428847423007
1992-01-01,80.1,,,9.6114,,8.13456085171957
1992-02-01,80.6,,,9.547,,8.14389986952566
1992-03-01,79.7,,,9.5812,,8.19492035151846
1992-04-01,79.5,,,9.6231,,8.2500997738743
1992-05-01,79.1,,,9.5797,,8.26414097454696
1992-06-01,78.3,,,9.8254,,8.35992229536054
1992-07-01,77.3,,,10.0331,,8.46943707331379
1992-08-01,77.1,,,10.1014,,8.58649056107771
1992-09-01,76.3,,,10.0219,,8.69885789512499
1992-10-01,76.3,,,10.2245,,8.88080681539299
1992-11-01,75.8,,,9.8813,,8.98692034053811
1992-12-01,74.6,,,9.9328,,9.11693555799656
1993-01-01,74.8,,,9.7027,,9.4
1993-02-01,73.9,,,9.402999999999999,,9.5
1993-03-01,73.8,,,9.1458,,9.7
1993-04-01,73.4,,,9.1559,,9.9
1993-05-01,73.4,,,9.0423,,10.0
1993-06-01,72.9,,,8.7796,,10.2
1993-07-01,72.5,,,8.4018,,10.3
1993-08-01,73.5,,,7.9197,,10.4
1993-09-01,73.6,,,7.612,,10.5
1993-10-01,73.9,,,7.3615,,10.6
1993-11-01,73.6,,,7.3806,,10.7
1993-12-01,74.0,,,7.1853,,10.8
1994-01-01,74.4,,,6.69,,10.8
1994-02-01,75.4,,,6.88,,10.9
1994-03-01,75.5,,,7.35,,10.9
1994-04-01,76.7,,,7.46,,10.9
1994-05-01,76.6,,,7.75,,10.9
1994-06-01,77.2,,,8.37,,10.9
1994-07-01,77.3,,,8.39,,10.9
1994-08-01,77.6,,,8.68,,10.8
1994-09-01,77.9,,,9.12,,10.8
1994-10-01,78.9,,,9.16,,10.9
1994-11-01,79.8,,,9.12,,10.8
1994-12-01,80.7,,,9.14,,10.8
1995-01-01,79.9,,,9.34,,10.7
1995-02-01,80.3,,,9.19,,10.7
1995-03-01,79.8,,,9.43,,10.6
1995-04-01,80.1,,,9.26,,10.6
1995-05-01,80.5,,,8.78,,10.6
1995-06-01,80.1,,,8.75,,10.6
1995-07-01,80.2,,,8.71,,10.6
1995-08-01,80.0,,,8.47,,10.6
1995-09-01,80.6,,,8.36,,10.7
1995-10-01,79.8,,,8.48,,10.7
1995-11-01,79.8,,,8.16,,10.7
1995-12-01,80.6,,,7.82,,10.7
1996-01-01,79.9,70.52,,7.44,,10.7
1996-02-01,79.2,70.82,,7.66,,10.8
1996-03-01,79.2,71.12,,7.83,,10.8
1996-04-01,78.9,71.26,,7.62,,10.8
1996-05-01,79.7,71.43,,7.48,,10.8
1996-06-01,80.0,71.45,,7.51,,10.8
1996-07-01,79.3,71.42,,7.39,,10.8
1996-08-01,80.2,71.38,,7.31,,10.8
1996-09-01,80.2,71.55,,7.13,,10.8
1996-10-01,79.7,71.63,,6.68,,10.8
1996-11-01,80.5,71.65,,6.43,,10.8
1996-12-01,80.1,71.84,,6.31,,10.8
1997-01-01,80.2,72.06,,6.23,,10.8
1997-02-01,81.2,72.22,,6.06,,10.9
1997-03-01,82.4,72.32,,6.32,,10.8
1997-04-01,83.1,72.29,,6.39,,10.9
1997-05-01,82.1,72.5,,6.18,,10.8
1997-06-01,83.8,72.53,,6.09,,10.8
1997-07-01,84.5,72.57,,5.83,,10.7
1997-08-01,84.6,72.69,,5.94,,10.7
1997-09-01,84.5,72.77,,5.66,,10.7
1997-10-01,85.6,72.81,,5.75,,10.7
1997-11-01,85.3,72.91,,5.59,,10.6
1997-12-01,86.3,72.99,,5.46,,10.6
1998-01-01,86.8,72.93,,5.22,,10.5
1998-02-01,87.1,73.12,,5.12,,10.5
1998-03-01,87.2,73.22,,5.01,,10.5
1998-04-01,87.3,73.4,,5.0,,10.8
1998-05-01,87.8,73.55,,5.06,,10.7
1998-06-01,87.3,73.59,,4.91,,10.7
1998-07-01,88.2,73.58,,4.82,,10.6
1998-08-01,86.7,73.61,,4.59,,10.6
1998-09-01,87.2,73.59,,4.27,,10.5
1998-10-01,87.4,73.57,,4.25,,10.5
1998-11-01,86.9,73.57,,4.24,,10.4
1998-12-01,85.4,73.61,,3.95,,10.3
1999-01-01,87.9,73.56,3.22125,3.822,4.5,10.2
1999-02-01,86.5,73.72,3.08063,3.9742,4.5,10.1
1999-03-01,86.7,73.97,3.1,4.181,4.5,10.1
1999-04-01,87.2,74.23,2.93688,4.0407,3.5,10.0
1999-05-01,87.5,74.28,2.58263,4.2049,3.5,9.9
1999-06-01,88.2,74.27,2.58625,4.5267,3.5,9.9
1999-07-01,88.8,74.38,2.65438,4.8562,3.5,9.8
1999-08-01,88.6,74.47,2.69588,5.0606,3.5,9.7
1999-09-01,89.7,74.55,2.69938,5.2353,3.5,9.6
1999-10-01,90.5,74.58,3.13563,5.4716,3.5,9.6
1999-11-01,90.8,74.69,3.5,5.1842,4.0,9.5
1999-12-01,90.3,74.95,3.45,5.3044,4.0,9.4
2000-01-01,90.0,74.98,3.3375,5.6985,4.0,9.4
2000-02-01,91.4,75.22,3.49625,5.6636,4.25,9.3
2000-03-01,91.8,75.49,3.63,5.4906,4.5,9.2
2000-04-01,92.7,75.57,3.83,5.4138,4.75,9.1
2000-05-01,94.2,75.66,4.1075,5.5155,4.75,9.0
2000-06-01,93.1,75.92,4.46625,5.3454,5.25,8.9
2000-07-01,94.0,75.99,4.545,5.4537,5.25,8.8
2000-08-01,94.2,76.05,4.635,5.3982,5.25,8.8
2000-09-01,94.5,76.38,4.82625,5.4672,5.5,8.7
2000-10-01,94.9,76.42,4.98875,5.4163,5.75,8.6
2000-11-01,95.8,76.58,5.13563,5.3357,5.75,8.5
2000-12-01,96.8,76.87,5.01625,5.0680000000000005,5.75,8.4
2001-01-01,95.6,76.55,4.8325,5.0082,5.75,8.3
2001-02-01,96.1,76.78,4.71313,5.0211,5.75,8.3
2001-03-01,95.3,77.19,4.75375,4.9381,5.75,8.3
2001-04-01,93.8,77.66,4.5675,5.1014,5.75,8.3
2001-05-01,94.2,78.03,4.81938,5.2625,5.5,8.3
2001-06-01,94.7,78.14,4.50875,5.2083,5.5,8.3
2001-07-01,92.6,77.96,4.43313,5.25,5.5,8.3
2001-08-01,95.0,77.9,4.42738,5.0582,5.25,8.3
2001-09-01,93.5,78.12,4.2575,5.0374,4.75,8.3
2001-10-01,92.6,78.18,3.65263,4.8169,4.75,8.3
2001-11-01,91.4,78.13,3.509,4.6667,4.25,8.4
2001-12-01,91.9,78.48,3.347,4.9588,4.25,8.4
2002-01-01,92.2,78.58,3.2755,5.0229,4.25,8.4
2002-02-01,92.8,78.7,3.37563,5.0661,4.25,8.5
2002-03-01,93.6,79.15,3.36525,5.3165,4.25,8.5
2002-04-01,93.0,79.51,3.4495,5.2972,4.25,8.6
2002-05-01,93.2,79.65,3.38688,5.3031,4.25,8.6
2002-06-01,94.0,79.61,3.48051,5.1649,4.25,8.6
2002-07-01,92.9,79.53,3.43375,5.0274,4.25,8.6
2002-08-01,93.8,79.59,3.36988,4.7311,4.25,8.7
2002-09-01,93.7,79.79,3.34875,4.5233,4.25,8.7
2002-10-01,93.0,79.98,3.27613,4.6235,4.25,8.8
2002-11-01,94.3,79.92,3.23625,4.5924,4.25,8.8
2002-12-01,92.4,80.3,3.03294,4.4065,3.75,8.8
2003-01-01,93.7,80.26,2.85625,4.2703,3.75,9.0
2003-02-01,93.3,80.58,2.805,4.0608,3.75,9.0
2003-03-01,93.4,81.05,2.51125,4.1272,3.5,9.0
2003-04-01,93.5,81.18,2.51175,4.2289,3.5,9.0
2003-05-01,92.0,81.13,2.515,3.9187,3.5,9.0
2003-06-01,92.0,81.23,2.256,3.7233,3.0,9.1
2003-07-01,93.7,81.11,2.13813,4.0626,3.0,9.1
2003-08-01,92.1,81.23,2.13,4.2047,3.0,9.1
2003-09-01,92.3,81.52,2.14888,4.2319,3.0,9.1
2003-10-01,94.2,81.64,2.12013,4.3081,3.0,9.1
2003-11-01,94.5,81.67,2.16225,4.4378,3.0,9.1
2003-12-01,94.6,81.92,2.15813,4.356,3.0,9.1
2004-01-01,94.2,81.74,2.11625,4.2567,3.0,9.2
2004-02-01,94.9,81.93,2.09,4.1833,3.0,9.3
2004-03-01,94.6,82.45,2.04838,4.0194,3.0,9.3
2004-04-01,95.5,82.87,1.9575,4.2424,3.0,9.3
2004-05-01,95.6,83.14,2.0715,4.3862,3.0,9.3
2004-06-01,95.8,83.19,2.08588,4.4426,3.0,9.2
2004-07-01,96.7,83.01,2.11563,4.3396,3.0,9.2
2004-08-01,93.9,83.17,2.11438,4.1679,3.0,9.2
2004-09-01,95.8,83.27,2.11438,4.114,3.0,9.3
2004-10-01,96.4,83.59,2.14663,3.9794,3.0,9.3
2004-11-01,95.0,83.53,2.1515,3.8687,3.0,9.3
2004-12-01,94.9,83.85,2.1705,3.6893,3.0,9.2
2005-01-01,96.5,83.33,2.153,3.6336,3.0,9.2
2005-02-01,95.5,83.64,2.14025,3.6153,3.0,9.2
2005-03-01,95.6,84.25,2.13481,3.7625,3.0,9.2
2005-04-01,97.1,84.61,2.14338,3.5709,3.0,9.2
2005-05-01,95.8,84.79,2.12888,3.4074,3.0,9.2
2005-06-01,96.6,84.89,2.12344,3.2541,3.0,9.2
2005-07-01,97.3,84.79,2.11,3.3160000000000003,3.0,9.1
2005-08-01,96.6,84.99,2.12888,3.3155,3.0,9.0
2005-09-01,97.9,85.44,2.13288,3.1555,3.0,9.0
2005-10-01,98.1,85.66,2.17538,3.3234,3.0,9.0
2005-11-01,99.5,85.47,2.26613,3.5273,3.0,9.0
2005-12-01,98.2,85.76,2.47425,3.409,3.25,8.9
2006-01-01,98.8,85.38,2.49,3.3927,3.5,8.8
2006-02-01,98.7,85.62,2.55675,3.551,3.5,8.8
2006-03-01,99.5,86.11,2.667,3.7312,3.5,8.7
2006-04-01,100.2,86.69,2.81788,4.0116,3.75,8.6
2006-05-01,102.1,86.93,2.86,4.0603,3.75,8.5
2006-06-01,101.8,86.99,2.94238,4.0751,3.75,8.4
2006-07-01,101.7,86.89,3.055,4.0963,4.0,8.3
2006-08-01,102.3,86.97,3.17,3.9682,4.0,8.2
2006-09-01,102.5,86.97,3.26713,3.8398,4.25,8.2
2006-10-01,102.4,87.04,3.42425,3.8813,4.25,8.1
2006-11-01,103.1,87.07,3.56225,3.8041,4.5,8.0
2006-12-01,105.0,87.41,3.63913,3.9026,4.5,7.9
2007-01-01,104.8,86.97,3.725,4.1028,4.75,7.9
2007-02-01,105.2,87.22,3.78188,4.1175,4.75,7.8
2007-03-01,105.6,87.8,3.85825,4.0227,4.75,7.7
2007-04-01,104.4,88.36,3.92838,4.2459,5.0,7.6
2007-05-01,106.0,88.57,4.01963,4.3731,5.0,7.5
2007-06-01,105.7,88.66,4.12363,4.6608,5.0,7.5
2007-07-01,106.2,88.45,4.17575,4.6284,5.0,7.5
2007-08-01,106.9,88.51,4.26813,4.4263,5.0,7.5
2007-09-01,106.2,88.85,4.74813,4.3694,5.0,7.4
2007-10-01,107.0,89.29,4.7875,4.4002,5.0,7.3
2007-11-01,106.1,89.77,4.59875,4.2515,5.0,7.3
2007-12-01,107.2,90.13,4.83625,4.3818,5.0,7.3
2008-01-01,108.6,89.81,4.66313,4.2317,5.0,7.3
2008-02-01,108.5,90.13,4.37,4.1394,5.0,7.3
2008-03-01,107.5,91.01,4.3825,4.0705,5.0,7.3
2008-04-01,108.0,91.31,4.73375,4.2827,5.0,7.4
2008-05-01,105.6,91.88,4.85375,4.4233,5.0,7.4
2008-06-01,105.7,92.23,4.86406,4.8093,5.0,7.5
2008-07-01,104.5,92.1,4.95438,4.8145,5.25,7.5
2008-08-01,104.3,91.97,4.96313,4.496,5.25,7.6
2008-09-01,103.0,92.15,4.95438,4.5043,5.25,7.7
2008-10-01,100.3,92.17,5.285,4.4158,4.25,7.8
2008-11-01,96.5,91.73,4.7375,4.1964,3.75,8.0
2008-12-01,93.1,91.61,3.82375,3.8881,3.0,8.3
2009-01-01,88.3,90.87,2.84875,4.0995,3.0,8.7
2009-02-01,86.3,91.24,2.07625,4.1962,3.0,9.0
2009-03-01,85.5,91.58,1.81375,4.1419999999999995,2.5,9.3
2009-04-01,84.6,91.91,1.49375,4.0897,2.25,9.5
2009-05-01,86.6,91.95,1.36188,4.1323,1.75,9.6
2009-06-01,86.8,92.13,1.2625,4.3255,1.75,9.7
2009-07-01,86.9,91.53,1.07375,4.0897,1.75,9.8
2009-08-01,87.0,91.83,0.8525,3.8915,1.75,9.9
2009-09-01,89.5,91.86,0.78625,3.8672,1.75,10.0
2009-10-01,88.9,92.06,0.70438,3.8036,1.75,10.0
2009-11-01,89.3,92.17,0.66938,3.8364,1.75,10.1
2009-12-01,89.2,92.46,0.68125,3.8727,1.75,10.1
2010-01-01,90.3,91.71,0.65375,4.102,1.75,10.2
2010-02-01,90.0,92.0,0.60688,4.1074,1.75,10.2
2010-03-01,92.1,93.01,0.6,3.986,1.75,10.2
2010-04-01,92.6,93.39,0.57563,4.1563,1.75,10.3
2010-05-01,94.1,93.5,0.6125,3.6784,1.75,10.3
2010-06-01,95.0,93.5,0.63688,3.6868,1.75,10.3
2010-07-01,94.2,93.1,0.7175,3.6097,1.75,10.2
2010-08-01,94.9,93.28,0.83156,3.4364,1.75,10.2
2010-09-01,95.6,93.57,0.83,3.4921,1.75,10.2
2010-10-01,96.2,93.85,0.88875,3.3282,1.75,10.2
2010-11-01,97.1,93.94,0.98875,3.7165,1.75,10.1
2010-12-01,97.5,94.51,0.96875,4.0714,1.75,10.1
2011-01-01,97.7,93.84,0.93688,3.9389999999999996,1.75,10.1
2011-02-01,98.9,94.23,1.025,4.4733,1.75,10.0
2011-03-01,98.9,95.51,1.04938,4.4875,1.75,10.0
2011-04-01,99.0,96.04,1.19,4.6574,2.0,10.0
2011-05-01,99.5,96.05,1.35125,4.3656,2.0,10.0
2011-06-01,98.1,96.04,1.38188,4.3748,2.0,10.0
2011-07-01,99.0,95.49,1.49813,4.5978,2.25,10.2
2011-08-01,99.2,95.67,1.5575,4.2027,2.25,10.2
2011-09-01,98.1,96.37,1.48375,4.0351,2.25,10.4
2011-10-01,98.0,96.71,1.4975,4.0761,2.25,10.5
2011-11-01,98.2,96.79,1.52563,4.3919,2.0,10.6
2011-12-01,97.7,97.11,1.40063,4.0908,1.75,10.7
2012-01-01,96.8,96.33,1.28357,3.9047,1.75,10.8
2012-02-01,96.6,96.81,1.04943,3.7447,1.75,10.9
2012-03-01,97.7,98.06,0.87893,3.2821,1.75,11.1
2012-04-01,95.8,98.52,0.67529,3.3817,1.75,11.2
2012-05-01,97.1,98.39,0.63686,3.5252,1.75,11.3
2012-06-01,96.2,98.31,0.5905,3.4055,1.75,11.4
2012-07-01,96.8,97.8,0.55536,3.2488,1.5,11.5
2012-08-01,97.6,98.17,0.25536,3.008,1.5,11.5
2012-09-01,95.5,98.88,0.16857,2.4182,1.5,11.6
2012-10-01,94.8,99.12,0.15286,2.3053,1.5,11.7
2012-11-01,94.0,98.92,0.13214,2.2467,1.5,11.8
2012-12-01,94.6,99.27,0.12714,2.0989,1.5,11.9
2013-01-01,93.9,98.24,0.12857,2.3926,1.5,12.0
2013-02-01,94.0,98.6,0.15571,2.8576,1.5,12.0
2013-03-01,94.5,99.76,0.12643,3.0266,1.5,12.0
2013-04-01,95.2,99.68,0.13143,2.8554,1.5,12.1
2013-05-01,95.5,99.78,0.12286,2.6849,1.0,12.1
2013-06-01,95.7,99.89,0.11571,3.0704,1.0,12.1
2013-07-01,95.0,99.36,0.14857,3.1012,1.0,12.1
2013-08-01,95.7,99.48,0.15286,3.0965,1.0,12.0
2013-09-01,95.6,99.96,0.15643,3.4065,1.0,12.0
2013-10-01,95.3,99.84,0.15929,3.1630000000000003,1.0,11.9
2013-11-01,96.6,99.76,0.17357,3.1712,0.75,11.9
2013-12-01,96.6,100.11,0.19286,3.3128,0.75,11.9
2014-01-01,96.7,99.0,0.26286,3.2117,0.75,11.9
2014-02-01,97.6,99.3,0.25643,3.089,0.75,11.9
2014-03-01,97.0,100.23,0.26,2.8861,0.75,11.8
2014-04-01,98.5,100.38,0.28143,2.6104,0.75,11.7
2014-05-01,97.4,100.27,0.30786,2.5549,0.75,11.7
2014-06-01,96.7,100.38,0.28714,2.2769,0.4,11.5
2014-07-01,97.9,99.73,0.17571,2.1607,0.4,11.6
2014-08-01,95.9,99.84,0.17286,1.9907,0.4,11.5
2014-09-01,97.0,100.28,0.12143,1.849,0.3,11.5
2014-10-01,97.0,100.22,0.05714,1.6914,0.3,11.5
2014-11-01,96.7,100.04,0.06143,1.6196,0.3,11.5
2014-12-01,98.1,99.94,0.06071,1.4509,0.3,11.3
2015-01-01,97.4,98.4,0.05786,1.2699,0.3,11.3
2015-02-01,99.7,99.03,0.03214,1.2147,0.3,11.2
2015-03-01,100.7,100.15,0.025,0.9554,0.3,11.2
2015-04-01,99.9,100.39,0.01,0.8523,0.3,11.1
2015-05-01,100.1,100.61,-0.00786,1.3351,0.3,11.1
2015-06-01,100.8,100.6,-0.01357,1.6688,0.3,11.0
2015-07-01,100.7,99.96,-0.01286,1.5298,0.3,10.8
2015-08-01,99.9,99.97,-0.01929,1.3932,0.3,10.7
2015-09-01,100.2,100.19,-0.03,1.4823,0.3,10.6
2015-10-01,99.9,100.34,-0.04571,1.2025,0.3,10.6
2015-11-01,100.1,100.19,-0.07429,1.1552,0.3,10.5
2015-12-01,100.7,100.17,-0.12,1.1947,0.3,10.4
2016-01-01,103.7,98.72,-0.12857,1.1142,0.3,10.4
2016-02-01,101.6,98.88,-0.18143,1.0403,0.3,10.3
2016-03-01,100.5,100.11,-0.22286,0.9314,0.25,10.2
2016-04-01,101.8,100.15,-0.24971,0.9626,0.25,10.2
2016-05-01,100.4,100.51,-0.27386,0.9719,0.25,10.2
2016-06-01,101.5,100.68,-0.28114,0.8793,0.25,10.1
2016-07-01,101.1,100.12,-0.29514,0.6213,0.25,10.0
2016-08-01,101.5,100.21,-0.30286,0.6133,0.25,9.9
2016-09-01,101.6,100.6,-0.32686,0.7354,0.25,9.9
2016-10-01,102.7,100.85,-0.322,0.7753,0.25,9.8
2016-11-01,103.2,100.76,-0.32214,1.2343,0.25,9.8
2016-12-01,102.4,101.31,-0.33357,1.2882,0.25,9.6
2017-01-01,102.0,100.46,-0.33571,1.3139,0.25,9.6
2017-02-01,103.3,100.84,-0.34357,1.4452,0.25,9.4
2017-03-01,103.7,101.65,-0.35643,1.4599,0.25,9.4
2017-04-01,103.9,102.04,-0.36071,1.2643,0.25,9.2
2017-05-01,104.4,101.92,-0.36214,1.1762,0.25,9.2
2017-06-01,103.7,101.95,-0.37,1.0719,,9.1
2017-07-01,105.3,101.44,-0.372,1.2079,,9.1
2017-08-01,106.1,101.71,-0.37729,1.0443,,9.0
2017-09-01,106.1,102.14,-0.37329,1.115,,8.9
2017-10-01,105.8,102.24,-0.38086,1.1493,,8.8
2017-11-01,108.6,102.31,-0.37757,0.9476,,8.7
2017-12-01,107.8,102.68,-0.38343,0.88,,8.6
2018-01-01,108.0,101.78,-0.38471,1.0339,,8.6
2018-02-01,105.9,101.98,-0.37843,1.2731,,8.5
2018-03-01,106.2,103.01,-0.37929,1.1717,,8.5
2018-04-01,106.4,103.32,-0.36429,1.1286,,8.4
2018-05-01,107.8,103.83,-0.35571,1.2359,,8.2
2018-06-01,107.0,103.95,-0.35057,1.2872,,8.2
2018-07-01,106.1,103.61,-0.35686,1.1987,,8.1
2018-08-01,107.4,103.77,-0.359,1.3674,,8.0
2018-09-01,107.0,104.25,-0.35271,1.3218,,8.0
2018-10-01,107.2,104.49,-0.35543,1.5603,,8.0
2018-11-01,105.4,104.3,-0.35186,1.4073,,7.9
2018-12-01,,104.29,-0.35486,1.213,,7.9
2019-01-01,,,-0.34557,1.2065,,
2019-02-01,,,-0.34186,,,
2019-03-01,,,-0.34071,,,
