DATE,cpi,production,gvnbond10y,intrate,3mlibor,unemployment
1950-01-01,,,,1.5,,
1950-02-01,,,,1.5,,
1950-03-01,,,,1.5,,
1950-04-01,,,,1.5,,
1950-05-01,,,,1.5,,
1950-06-01,,,,1.5,,
1950-07-01,,,,1.5,,
1950-08-01,,,,1.59,,
1950-09-01,,,,1.75,,
1950-10-01,,,,1.75,,
1950-11-01,,,,1.75,,
1950-12-01,,,,1.75,,
1951-01-01,,,,1.75,,
1951-02-01,,,,1.75,,
1951-03-01,,,,1.75,,
1951-04-01,,,,1.75,,
1951-05-01,,,,1.75,,
1951-06-01,,,,1.75,,
1951-07-01,,,,1.75,,
1951-08-01,,,,1.75,,
1951-09-01,,,,1.75,,
1951-10-01,,,,1.75,,
1951-11-01,,,,1.75,,
1951-12-01,,,,1.75,,
1952-01-01,,,,1.75,,
1952-02-01,,,,1.75,,
1952-03-01,,,,1.75,,
1952-04-01,,,,1.75,,
1952-05-01,,,,1.75,,
1952-06-01,,,,1.75,,
1952-07-01,,,,1.75,,
1952-08-01,,,,1.75,,
1952-09-01,,,,1.75,,
1952-10-01,,,,1.75,,
1952-11-01,,,,1.75,,
1952-12-01,,,,1.75,,
1953-01-01,,,,1.88,,
1953-02-01,,,,2.0,,
1953-03-01,,,,2.0,,
1953-04-01,,,,2.0,,
1953-05-01,,,,2.0,,
1953-06-01,,,,2.0,,
1953-07-01,,,,2.0,,
1953-08-01,,,,2.0,,
1953-09-01,,,,2.0,,
1953-10-01,,,,2.0,,
1953-11-01,,,,2.0,,
1953-12-01,,,,2.0,,
1954-01-01,,,,2.0,,
1954-02-01,,,,1.79,,
1954-03-01,,,,1.75,,
1954-04-01,,,,1.63,,
1954-05-01,,,,1.5,,
1954-06-01,,,,1.5,,
1954-07-01,,,,1.5,,
1954-08-01,,,,1.5,,
1954-09-01,,,,1.5,,
1954-10-01,,,,1.5,,
1954-11-01,,,,1.5,,
1954-12-01,,,,1.5,,
1955-01-01,,,,1.5,,
1955-02-01,,,,1.5,,
1955-03-01,,,,1.5,,
1955-04-01,,,,1.63,,
1955-05-01,,,,1.75,,
1955-06-01,,,,1.75,,
1955-07-01,,,,1.75,,
1955-08-01,,,,1.97,,
1955-09-01,,,,2.18,,
1955-10-01,,,,2.25,,
1955-11-01,,,,2.36,,
1955-12-01,,,,2.5,,
1956-01-01,,,,2.5,,
1956-02-01,,,,2.5,,
1956-03-01,,,,2.5,,
1956-04-01,,,,2.65,,
1956-05-01,,,,2.75,,
1956-06-01,,,,2.75,,
1956-07-01,,,,2.75,,
1956-08-01,,,,2.81,,
1956-09-01,,,,3.0,,
1956-10-01,,,,3.0,,
1956-11-01,,,,3.0,,
1956-12-01,,,,3.0,,
1957-01-01,,,,3.0,,
1957-02-01,,,,3.0,,
1957-03-01,,,,3.0,,
1957-04-01,,,,3.0,,
1957-05-01,,,,3.0,,
1957-06-01,,,,3.0,,
1957-07-01,,,,3.0,,
1957-08-01,,,,3.15,,
1957-09-01,,,,3.5,,
1957-10-01,,,,3.5,,
1957-11-01,,,,3.23,,
1957-12-01,,,,3.0,,
1958-01-01,,,,2.94,,
1958-02-01,,,,2.75,,
1958-03-01,,,,2.35,,
1958-04-01,,,,2.03,,
1958-05-01,,,,1.75,,
1958-06-01,,,,1.75,,
1958-07-01,,,,1.75,,
1958-08-01,,,,1.75,,
1958-09-01,,,,1.91,,
1958-10-01,,,,2.0,,
1958-11-01,,,,2.4,,
1958-12-01,,,,2.5,,
1959-01-01,,,,2.5,,
1959-02-01,,,,2.5,,
1959-03-01,,,,2.92,,
1959-04-01,,,,3.0,,
1959-05-01,,,,3.05,,
1959-06-01,,,,3.5,,
1959-07-01,,,,3.5,,
1959-08-01,,,,3.5,,
1959-09-01,,,,3.83,,
1959-10-01,,,,4.0,,
1959-11-01,,,,4.0,,
1959-12-01,,,,4.0,,
1960-01-01,12.391516220355502,,4.72,4.0,,5.2
1960-02-01,12.408392646940902,,4.49,4.0,,4.8
1960-03-01,12.408392646940902,,4.25,4.0,,5.4
1960-04-01,12.463241033343598,,4.28,4.0,,5.2
1960-05-01,12.4758983532827,,4.35,4.0,,5.1
1960-06-01,12.4927747798681,,4.15,3.65,,5.4
1960-07-01,12.46746013999,,3.9,3.5,,5.5
1960-08-01,12.4927747798681,,3.8,3.18,,5.6
1960-09-01,12.4927747798681,,3.8,3.0,,5.5
1960-10-01,12.5518422729171,,3.89,3.0,,6.1
1960-11-01,12.5644995928562,,3.93,3.0,,6.1
1960-12-01,12.577156912795301,,3.84,3.0,,6.6
1961-01-01,12.589814232734401,,3.84,3.0,,6.6
1961-02-01,12.589814232734401,,3.78,3.0,,6.9
1961-03-01,12.589814232734401,,3.74,3.0,,6.9
1961-04-01,12.577156912795301,,3.78,3.0,,7.0
1961-05-01,12.589814232734401,,3.71,3.0,,7.1
1961-06-01,12.589814232734401,,3.88,3.0,,6.9
1961-07-01,12.623567085905199,,3.92,3.0,,7.0
1961-08-01,12.6320052991979,,4.04,3.0,,6.6
1961-09-01,12.6488817257834,,3.98,3.0,,6.7
1961-10-01,12.6488817257834,,3.92,3.0,,6.5
1961-11-01,12.6488817257834,,3.94,3.0,,6.1
1961-12-01,12.661539045722499,,4.06,3.0,,6.0
1962-01-01,12.6741963656615,,4.08,3.0,,5.8
1962-02-01,12.703730112186001,,4.04,3.0,,5.5
1962-03-01,12.7290447520642,,3.93,3.0,,5.6
1962-04-01,12.7459211786496,,3.84,3.0,,5.6
1962-05-01,12.758578498588701,,3.87,3.0,,5.5
1962-06-01,12.7459211786496,,3.91,3.0,,5.5
1962-07-01,12.750140285295998,,4.01,3.0,,5.4
1962-08-01,12.7754549251741,,3.98,3.0,,5.7
1962-09-01,12.8345224182232,,3.98,3.0,,5.6
1962-10-01,12.817645991637699,,3.93,3.0,,5.4
1962-11-01,12.817645991637699,,3.92,3.0,,5.7
1962-12-01,12.817645991637699,,3.86,3.0,,5.5
1963-01-01,12.8429606315159,,3.83,3.0,,5.7
1963-02-01,12.8598370581013,,3.92,3.0,,5.9
1963-03-01,12.8724943780404,,3.93,3.0,,5.7
1963-04-01,12.8598370581013,,3.97,3.0,,5.7
1963-05-01,12.8724943780404,,3.93,3.0,,5.9
1963-06-01,12.914685444504002,,3.99,3.0,,5.6
1963-07-01,12.948438297674802,,4.02,3.24,,5.6
1963-08-01,12.973752937553,,4.0,3.5,,5.4
1963-09-01,12.9610956176139,,4.08,3.5,,5.5
1963-10-01,12.973752937553,,4.11,3.5,,5.5
1963-11-01,12.986410257492098,,4.12,3.5,,5.7
1963-12-01,13.0286013239557,,4.13,3.5,,5.5
1964-01-01,13.053915963833802,,4.17,3.5,,5.6
1964-02-01,13.041258643894698,,4.15,3.5,,5.4
1964-03-01,13.053915963833802,,4.22,3.5,,5.4
1964-04-01,13.0581350704802,,4.23,3.5,,5.3
1964-05-01,13.0707923904193,,4.2,3.5,,5.1
1964-06-01,13.0834497103583,,4.17,3.5,,5.2
1964-07-01,13.0876688170047,,4.19,3.5,,4.9
1964-08-01,13.100326136943801,,4.19,3.5,,5.0
1964-09-01,13.112983456882802,,4.2,3.5,,5.1
1964-10-01,13.129859883468301,,4.19,3.5,,5.1
1964-11-01,13.167831843285501,,4.15,3.62,,4.8
1964-12-01,13.184708269870901,,4.18,4.0,,5.0
1965-01-01,13.19736558981,,4.19,4.0,,4.9
1965-02-01,13.19736558981,,4.21,4.0,,5.1
1965-03-01,13.2100229097491,,4.21,4.0,,4.7
1965-04-01,13.2395566562736,,4.2,4.0,,4.8
1965-05-01,13.281747722737201,,4.21,4.0,,4.6
1965-06-01,13.3365961091398,,4.21,4.0,,4.6
1965-07-01,13.323938789200803,,4.2,4.0,,4.4
1965-08-01,13.311281469261699,,4.25,4.0,,4.4
1965-09-01,13.340815215786199,,4.29,4.0,,4.3
1965-10-01,13.3534725357253,,4.35,4.0,,4.2
1965-11-01,13.3956636021889,,4.45,4.0,,4.1
1965-12-01,13.4378546686525,,4.62,4.42,,4.0
1966-01-01,13.450511988591499,,4.61,4.5,,4.0
1966-02-01,13.5348941215187,,4.83,4.5,,3.8
1966-03-01,13.577085187982302,,4.87,4.5,,3.8
1966-04-01,13.6192762544459,,4.75,4.5,,3.8
1966-05-01,13.6488100009704,,4.78,4.5,,3.9
1966-06-01,13.6614673209095,,4.81,4.5,,3.8
1966-07-01,13.691001067434001,,5.02,4.5,,3.8
1966-08-01,13.7753832003612,,5.22,4.5,,3.8
1966-09-01,13.817574266824698,,5.18,4.5,,3.7
1966-10-01,13.8597653332883,,5.01,4.5,,3.7
1966-11-01,13.872422653227401,,5.16,4.5,,3.6
1966-12-01,13.889299079812801,,4.84,4.5,,3.8
1967-01-01,13.8808608665201,,4.58,4.5,,3.9
1967-02-01,13.923051932983698,,4.63,4.5,,3.8
1967-03-01,13.923051932983698,,4.54,4.5,,3.8
1967-04-01,13.9652429994473,,4.59,4.1,,3.8
1967-05-01,13.9652429994473,,4.85,4.0,,3.8
1967-06-01,14.0496251323745,,5.02,4.0,,3.9
1967-07-01,14.091816198838101,,5.16,4.0,,3.8
1967-08-01,14.1340072653016,,5.28,4.0,,3.8
1967-09-01,14.176198331765198,,5.3,4.0,,3.8
1967-10-01,14.2183893982288,,5.48,4.0,,4.0
1967-11-01,14.302771531156,,5.75,4.18,,3.9
1967-12-01,14.3449625976196,,5.7,4.5,,3.8
1968-01-01,14.387153664083199,,5.53,4.5,,3.7
1968-02-01,14.4293447305468,,5.56,4.5,,3.8
1968-03-01,14.4715357970103,,5.74,4.66,,3.7
1968-04-01,14.513726863473899,,5.64,5.2,,3.5
1968-05-01,14.5559179299375,,5.87,5.5,,3.5
1968-06-01,14.6403000628647,,5.72,5.5,,3.7
1968-07-01,14.7246821957919,,5.5,5.5,,3.7
1968-08-01,14.7668732622554,,5.42,5.48,,3.5
1968-09-01,14.809064328719002,,5.46,5.25,,3.4
1968-10-01,14.8934464616462,,5.58,5.25,,3.4
1968-11-01,14.935637528109801,,5.7,5.25,,3.4
1968-12-01,15.020019661036999,,6.03,5.36,,3.4
1969-01-01,15.062210727500599,,6.04,5.5,,3.4
1969-02-01,15.104401793964099,,6.19,5.5,,3.4
1969-03-01,15.2309749933549,,6.3,5.5,,3.4
1969-04-01,15.3153571262821,,6.17,5.95,,3.4
1969-05-01,15.3575481927457,,6.32,6.0,,3.4
1969-06-01,15.4419303256728,,6.57,6.0,,3.5
1969-07-01,15.5263124586,,6.72,6.0,,3.5
1969-08-01,15.568503525063601,,6.69,6.0,,3.5
1969-09-01,15.652885657990801,,7.16,6.0,,3.7
1969-10-01,15.737267790918,,7.1,6.0,,3.7
1969-11-01,15.8216499238451,,7.14,6.0,,3.5
1969-12-01,15.9060320567723,,7.65,6.0,,3.5
1970-01-01,15.9904141896995,,7.79,6.0,,3.9
1970-02-01,16.0747963226266,,7.24,6.0,,4.2
1970-03-01,16.1591784555538,,7.07,6.0,,4.4
1970-04-01,16.243560588481,,7.39,6.0,,4.6
1970-05-01,16.285751654944598,,7.91,6.0,,4.8
1970-06-01,16.3701337878718,,7.84,6.0,,4.9
1970-07-01,16.4123248543353,,7.46,6.0,,5.0
1970-08-01,16.4545159207989,,7.53,6.0,,5.1
1970-09-01,16.538898053726097,,7.39,6.0,,5.4
1970-10-01,16.6232801866533,,7.33,6.0,,5.5
1970-11-01,16.7076623195804,,6.84,5.85,,5.9
1970-12-01,16.7920444525076,,6.39,5.52,,6.1
1971-01-01,16.8342355189712,,6.24,5.23,,5.9
1971-02-01,16.8342355189712,,6.11,4.91,,5.9
1971-03-01,16.876426585434803,,5.7,4.75,,6.0
1971-04-01,16.9186176518984,,5.83,4.75,,5.9
1971-05-01,17.0029997848256,,6.39,4.75,,5.9
1971-06-01,17.0873819177527,,6.52,4.75,,5.9
1971-07-01,17.129572984216303,,6.73,4.88,,6.0
1971-08-01,17.1717640506799,,6.58,5.0,,6.1
1971-09-01,17.2139551171435,,6.14,5.0,,6.0
1971-10-01,17.2561461836071,,5.93,5.0,,5.8
1971-11-01,17.2983372500707,,5.81,4.9,,6.0
1971-12-01,17.3405283165343,,5.93,4.63,,6.0
1972-01-01,17.382719382997802,36.6885,5.95,4.5,,5.8
1972-02-01,17.467101515925,36.9473,6.08,4.5,,5.7
1972-03-01,17.467101515925,37.1956,6.07,4.5,,5.8
1972-04-01,17.5092925823886,37.6443,6.19,4.5,,5.7
1972-05-01,17.551483648852198,37.6821,6.13,4.5,,5.7
1972-06-01,17.5936747153158,37.803,6.11,4.5,,5.7
1972-07-01,17.635865781779398,37.815,6.11,4.5,,5.6
1972-08-01,17.678056848243,38.3044,6.21,4.5,,5.6
1972-09-01,17.762438981170103,38.5766,6.55,4.5,,5.5
1972-10-01,17.8046300476337,39.1681,6.48,4.5,,5.6
1972-11-01,17.889012180560897,39.6698,6.28,4.5,,5.3
1972-12-01,17.9312032470245,40.2569,6.36,4.5,,5.2
1973-01-01,18.015585379951602,40.5288,6.46,4.77,,4.9
1973-02-01,18.1421585793424,41.1939,6.64,5.05,,5.0
1973-03-01,18.3109228451968,41.2752,6.71,5.5,,4.9
1973-04-01,18.4374960445875,41.2199,6.67,5.5,,5.0
1973-05-01,18.521878177514697,41.4835,6.85,5.9,,4.9
1973-06-01,18.6484513769054,41.47,6.9,6.33,,4.9
1973-07-01,18.6484513769054,41.6763,7.13,6.98,,4.8
1973-08-01,18.9859799086141,41.5499,7.4,7.29,,4.8
1973-09-01,19.0703620415413,41.9429,7.09,7.5,,4.8
1973-10-01,19.2391263073957,42.2935,6.79,7.5,,4.6
1973-11-01,19.3656995067864,42.6183,6.73,7.5,,4.8
1973-12-01,19.5344637726408,42.6464,6.74,7.5,,4.9
1974-01-01,19.7454191049587,42.2738,6.99,7.5,,5.1
1974-02-01,19.9563744372766,42.0897,6.96,7.5,,5.2
1974-03-01,20.167329769594602,42.0833,7.21,7.5,,5.1
1974-04-01,20.2939029689853,41.8771,7.51,7.6,,5.1
1974-05-01,20.5048583013033,42.1727,7.58,8.0,,5.1
1974-06-01,20.6736225671576,42.2289,7.54,8.0,,5.4
1974-07-01,20.8001957665484,42.1478,7.81,8.0,,5.5
1974-08-01,21.053342165329898,41.7934,8.04,8.0,,5.5
1974-09-01,21.348679630575,41.866,8.04,8.0,,5.9
1974-10-01,21.517443896429402,41.5419,7.9,8.0,,6.0
1974-11-01,21.7283992287473,40.2621,7.68,8.0,,6.6
1974-12-01,21.897163494601603,38.4314,7.43,7.81,,7.2
1975-01-01,22.065927760456,37.6199,7.5,7.4,,8.1
1975-02-01,22.1925009598468,36.5509,7.39,6.82,,8.1
1975-03-01,22.2768830927739,36.0599,7.73,6.4,,8.6
1975-04-01,22.361265225701104,36.0219,8.23,6.25,,8.8
1975-05-01,22.403456292164698,35.9771,8.06,6.12,,9.0
1975-06-01,22.572220558018998,36.2869,7.86,6.0,,8.8
1975-07-01,22.783175890337,36.7903,8.06,6.0,,8.6
1975-08-01,22.8675580232642,37.2005,8.4,6.0,,8.4
1975-09-01,23.036322289118498,37.8272,8.43,6.0,,8.4
1975-10-01,23.162895488509303,38.0388,8.14,6.0,,8.4
1975-11-01,23.331659754363603,38.1556,8.05,6.0,,8.3
1975-12-01,23.458232953754397,38.6401,8.0,6.0,,8.2
1976-01-01,23.5426150866815,39.1749,7.74,5.79,,7.9
1976-02-01,23.584806153145102,39.7842,7.79,5.5,,7.7
1976-03-01,23.626997219608697,39.8568,7.73,5.5,,7.6
1976-04-01,23.669188286072302,40.092,7.56,5.5,,7.7
1976-05-01,23.7957614854631,40.3193,7.9,5.5,,7.4
1976-06-01,23.9223346848538,40.3264,7.86,5.5,,7.6
1976-07-01,24.0489078842446,40.6254,7.83,5.5,,7.8
1976-08-01,24.1754810836353,40.8918,7.77,5.5,,7.8
1976-09-01,24.3020542830261,40.9747,7.59,5.5,,7.6
1976-10-01,24.428627482416896,40.9451,7.41,5.5,,7.7
1976-11-01,24.513009615344,41.4729,7.29,5.43,,7.8
1976-12-01,24.6395828147348,41.9122,6.87,5.25,,7.8
1977-01-01,24.7661560141256,41.8213,7.21,5.25,,7.5
1977-02-01,25.0193024129071,42.5684,7.39,5.25,,7.6
1977-03-01,25.1458756122978,43.1845,7.46,5.25,,7.4
1977-04-01,25.3146398781522,43.6097,7.37,5.25,,7.2
1977-05-01,25.399022011079396,43.9957,7.46,5.25,,7.0
1977-06-01,25.5255952104701,44.3673,7.28,5.25,,7.2
1977-07-01,25.6521684098609,44.3778,7.33,5.25,,6.9
1977-08-01,25.7787416092517,44.5813,7.4,5.27,,7.0
1977-09-01,25.863123742178804,44.6235,7.34,5.75,,6.8
1977-10-01,25.9896969415696,44.7378,7.52,5.8,,6.8
1977-11-01,26.158461207423898,44.8235,7.58,6.0,,6.8
1977-12-01,26.2850344068147,45.3219,7.69,6.0,,6.4
1978-01-01,26.453798672669002,44.6594,7.96,6.37,,6.4
1978-02-01,26.580371872059803,44.7995,8.03,6.5,,6.3
1978-03-01,26.7491361379142,45.5832,8.04,6.5,,6.3
1978-04-01,26.9600914702321,46.3502,8.15,6.5,,6.1
1978-05-01,27.2132378690136,46.518,8.35,6.84,,6.0
1978-06-01,27.4241932013315,46.8928,8.46,7.0,,5.9
1978-07-01,27.635148533649502,46.8671,8.64,7.23,,6.2
1978-08-01,27.8039127995038,47.1181,8.41,7.43,,5.9
1978-09-01,28.0570591982853,47.3692,8.42,7.83,,6.0
1978-10-01,28.310205597066897,47.7195,8.64,8.26,,5.8
1978-11-01,28.4789698629212,48.1609,8.81,9.5,,5.9
1978-12-01,28.6477341287756,48.5272,9.01,9.5,,6.0
1979-01-01,28.900880527557103,48.1214,9.1,9.5,,5.9
1979-02-01,29.1962179928022,48.29,9.1,9.5,,5.9
1979-03-01,29.491555458047298,48.525,9.12,9.5,,5.8
1979-04-01,29.7868929232924,47.7407,9.18,9.5,,5.8
1979-05-01,30.1244214550011,48.3631,9.25,9.5,,5.6
1979-06-01,30.4619499867098,48.4128,8.91,9.5,,5.7
1979-07-01,30.799478518418496,48.4596,8.95,9.69,,5.7
1979-08-01,31.0948159836636,47.81,9.03,10.24,,6.0
1979-09-01,31.390153448908702,47.9367,9.33,10.7,,5.9
1979-10-01,31.727681980617398,48.1119,10.3,11.77,,6.0
1979-11-01,32.065210512326104,47.9643,10.65,12.0,,5.9
1979-12-01,32.4449301104984,48.1553,10.39,12.0,,6.0
1980-01-01,32.9090318415979,48.3599,10.8,12.0,,6.3
1980-02-01,33.3309425062337,48.271,12.41,12.52,,6.3
1980-03-01,33.7950442373332,47.9141,12.75,13.0,,6.3
1980-04-01,34.1325727690419,46.8837,11.47,13.0,,6.9
1980-05-01,34.470101300750606,45.4268,10.18,12.94,,7.5
1980-06-01,34.807629832459305,44.7079,9.78,11.4,,7.6
1980-07-01,34.8498208989229,44.1728,10.25,10.87,,7.8
1980-08-01,35.102967297704396,44.5267,11.1,10.0,,7.7
1980-09-01,35.3983047629495,45.2736,11.51,10.17,,7.5
1980-10-01,35.7358332946582,46.1351,11.75,11.0,,7.5
1980-11-01,36.1155528928305,47.008,12.68,11.47,,7.5
1980-12-01,36.45308142453921,47.1223,12.84,12.87,,7.2
1981-01-01,36.7906099562479,46.9791,12.57,13.0,,7.5
1981-02-01,37.1281384879566,46.7173,13.19,13.0,,7.4
1981-03-01,37.3812848867381,46.8745,13.12,13.0,,7.4
1981-04-01,37.592240219056,47.1163,13.68,13.0,,7.2
1981-05-01,37.8453866178375,47.3397,14.1,13.87,,7.5
1981-06-01,38.182915149546204,47.0871,13.47,14.0,,7.5
1981-07-01,38.6048258141821,47.1944,14.28,14.0,,7.2
1981-08-01,38.900163279427204,47.2285,14.94,14.0,,7.4
1981-09-01,39.279882877599505,46.9975,15.32,14.0,,7.6
1981-10-01,39.4064560769902,46.5645,15.15,14.0,,7.9
1981-11-01,39.5752203428446,45.962,13.39,13.03,,8.3
1981-12-01,39.7017935422354,45.1463,13.72,12.1,,8.5
1982-01-01,39.8283667416261,44.0597,14.59,12.0,,8.6
1982-02-01,39.954939941016896,45.2843,14.43,12.0,,8.9
1982-03-01,39.954939941016896,44.8909,13.86,12.0,,9.0
1982-04-01,40.0815131404076,44.5876,13.87,12.0,,9.3
1982-05-01,40.461232738579895,44.5021,13.62,12.0,,9.4
1982-06-01,40.9253344696794,44.425,14.3,12.0,,9.6
1982-07-01,41.1362898019973,44.3812,13.95,11.81,,9.8
1982-08-01,41.2206719349245,43.9711,13.06,10.68,,9.8
1982-09-01,41.2206719349245,43.8589,12.34,10.0,,10.1
1982-10-01,41.389436200778796,43.3283,10.91,9.68,,10.4
1982-11-01,41.3472451343152,43.0294,10.55,9.35,,10.8
1982-12-01,41.2206719349245,42.8744,10.54,8.73,,10.8
1983-01-01,41.3050540678517,43.9324,10.46,8.5,,10.4
1983-02-01,41.3472451343152,43.9072,10.72,8.5,,10.4
1983-03-01,41.389436200778796,44.3216,10.51,8.5,,10.3
1983-04-01,41.684773666024,44.8509,10.4,8.5,,10.2
1983-05-01,41.85353793187829,45.4329,10.38,8.5,,10.1
1983-06-01,41.937920064805496,45.8053,10.85,8.5,,10.1
1983-07-01,42.106684330659796,46.509,11.38,8.5,,9.4
1983-08-01,42.2332575300506,46.8632,11.85,8.5,,9.5
1983-09-01,42.35983072944129,47.7983,11.65,8.5,,9.2
1983-10-01,42.5285949952957,48.3252,11.54,8.5,,8.8
1983-11-01,42.6551681946864,48.5237,11.69,8.5,,8.5
1983-12-01,42.7817413940772,48.6849,11.83,8.5,,8.3
1984-01-01,43.0770788593223,49.5887,11.67,8.5,,8.0
1984-02-01,43.2880341916403,50.1128,11.84,8.5,,7.8
1984-03-01,43.414607391031,50.3415,12.32,8.5,,7.8
1984-04-01,43.5833716568854,50.6216,12.63,8.87,,7.7
1984-05-01,43.6677537898125,50.7312,13.41,9.0,,7.4
1984-06-01,43.752135922739704,50.962,13.56,9.0,,7.2
1984-07-01,43.9209001885941,51.1989,13.36,9.0,,7.5
1984-08-01,44.0474733879848,51.266,12.72,9.0,,7.5
1984-09-01,44.1740465873756,51.1453,12.52,9.0,,7.3
1984-10-01,44.34281085322989,51.3342,12.16,9.0,,7.4
1984-11-01,44.4271929861571,51.5083,11.57,8.83,,7.2
1984-12-01,44.5115751190843,51.6933,11.5,8.37,,7.3
1985-01-01,44.595957252011395,51.4921,11.38,8.0,,7.3
1985-02-01,44.849103650793,51.2883,11.51,8.0,,7.2
1985-03-01,45.06005898311089,51.6941,11.86,8.0,,7.2
1985-04-01,45.1444411160381,51.4762,11.43,8.0,,7.3
1985-05-01,45.2288232489653,51.5811,10.85,7.81,,7.2
1985-06-01,45.355396448356,51.6701,10.16,7.5,,7.4
1985-07-01,45.43977858128321,51.3614,10.31,7.5,,7.4
1985-08-01,45.524160714210396,51.6673,10.33,7.5,,7.1
1985-09-01,45.6085428471375,51.7481,10.37,7.5,,7.1
1985-10-01,45.7773071129919,51.6179,10.24,7.5,,7.1
1985-11-01,45.9882624453098,51.9685,9.78,7.5,,7.0
1985-12-01,46.199217777627794,52.1869,9.26,7.5,,7.0
1986-01-01,46.3679820434821,52.7755,9.19,7.5,8.0,6.7
1986-02-01,46.2835999105549,52.512,8.7,7.5,8.0625,7.2
1986-03-01,46.030453511773395,52.3399,7.78,7.1,7.875,7.2
1986-04-01,45.8616892459191,52.4317,7.3,6.83,7.3125,7.1
1986-05-01,45.9882624453098,52.5076,7.71,6.5,6.875,7.2
1986-06-01,46.15702671116421,52.3353,7.8,6.5,7.125,7.2
1986-07-01,46.199217777627794,52.5893,7.3,6.16,6.8125,7.0
1986-08-01,46.2414088440913,52.7739,7.17,5.82,6.4375,6.9
1986-09-01,46.41017310994571,52.8819,7.45,5.5,5.625,7.0
1986-10-01,46.4945552428729,53.1013,7.43,5.5,6.1094,7.0
1986-11-01,46.5789373758,53.3497,7.25,5.5,5.9375,6.9
1986-12-01,46.747701641654395,53.8095,7.11,5.5,6.1875,6.6
1987-01-01,47.0008480404359,53.6548,7.08,5.5,6.3125,6.6
1987-02-01,47.16961230629029,54.4396,7.25,5.5,6.3125,6.6
1987-03-01,47.338376572144604,54.457,7.25,5.5,6.4375,6.6
1987-04-01,47.5493319044625,54.7725,8.02,5.5,6.6875,6.3
1987-05-01,47.675905103853296,55.1735,8.61,5.5,7.1875,6.3
1987-06-01,47.886860436171204,55.3431,8.4,5.5,7.25,6.2
1987-07-01,48.013433635562,55.7822,8.45,5.5,7.1875,6.1
1987-08-01,48.2243889678799,56.1347,8.76,5.5,7.0625,6.0
1987-09-01,48.393153233734296,56.4619,9.42,5.95,7.3125,5.9
1987-10-01,48.519726433125,57.4045,9.52,6.0,8.25,6.0
1987-11-01,48.68849069897939,57.7151,8.86,6.0,7.75,5.8
1987-12-01,48.772872831906604,58.0931,8.99,6.0,7.8125,5.7
1988-01-01,48.941637097760896,57.9818,8.67,6.0,7.375,5.7
1988-02-01,49.02601923068811,58.1462,8.21,6.0,6.875,5.7
1988-03-01,49.15259243007879,58.3246,8.37,6.0,6.8125,5.7
1988-04-01,49.447929895324,58.8559,8.72,6.0,7.0625,5.4
1988-05-01,49.5745030947147,58.7658,9.09,6.0,7.375,5.6
1988-06-01,49.7854584270326,58.8844,8.92,6.0,7.75,5.4
1988-07-01,49.9964137593506,58.883,9.06,6.0,7.875,5.4
1988-08-01,50.207369091668504,58.9347,9.26,6.37,8.375,5.6
1988-09-01,50.418324423986505,59.1631,8.98,6.5,8.625,5.4
1988-10-01,50.58708868984079,59.4389,8.8,6.5,8.625,5.4
1988-11-01,50.7558529556952,59.6191,8.96,6.5,8.5625,5.3
1988-12-01,50.924617221549504,59.8945,9.11,6.5,9.25,5.3
1989-01-01,51.1355725538674,60.4249,9.09,6.5,9.3125,5.4
1989-02-01,51.3043368197218,59.7991,9.17,6.59,9.375,5.2
1989-03-01,51.55748321850329,59.7082,9.36,7.0,10.1875,5.0
1989-04-01,51.93720281667561,59.8913,9.18,7.0,10.25,5.2
1989-05-01,52.190349215457104,59.308,8.86,7.0,10.0625,5.2
1989-06-01,52.3591134813115,59.459,8.28,7.0,9.5625,5.3
1989-07-01,52.527877747165796,58.7867,8.02,7.0,9.25,5.2
1989-08-01,52.527877747165796,59.334,8.11,7.0,8.4375,5.2
1989-09-01,52.65445094655661,59.1947,8.19,7.0,9.0,5.3
1989-10-01,52.907597345338104,59.074,8.01,7.0,9.1875,5.3
1989-11-01,53.118552677656005,59.1936,7.87,7.0,8.75,5.4
1989-12-01,53.2873169435104,59.2538,7.84,7.0,8.5,5.4
1990-01-01,53.793609741073396,59.0968,8.21,7.0,8.375,5.4
1990-02-01,54.0045650733914,59.9864,8.47,7.0,8.375,5.3
1990-03-01,54.2577114721729,60.3077,8.59,7.0,8.375,5.2
1990-04-01,54.384284671563606,60.1199,8.79,7.0,8.5625,5.4
1990-05-01,54.468666804490795,60.2522,8.76,7.0,8.6875,5.4
1990-06-01,54.8061953361995,60.447,8.48,7.0,8.375,5.2
1990-07-01,55.059341734981004,60.3354,8.47,7.0,8.3125,5.5
1990-08-01,55.5234434660805,60.5188,8.75,7.0,8.0,5.7
1990-09-01,55.903163064252794,60.5266,8.89,7.0,8.0625,5.9
1990-10-01,56.282882662425,60.0246,8.72,7.0,8.125,5.9
1990-11-01,56.40945586181579,59.3549,8.39,7.0,8.0625,6.2
1990-12-01,56.6204111941337,58.9031,8.08,6.79,8.3125,6.3
1991-01-01,56.8313665264517,58.4627,8.09,6.5,7.5625,6.4
1991-02-01,56.8735575929153,58.0634,7.85,6.0,7.0625,6.6
1991-03-01,56.8735575929153,57.6829,8.11,6.0,6.9375,6.8
1991-04-01,57.000130792306,57.8994,8.04,5.98,6.375,6.7
1991-05-01,57.211086124624,58.3135,8.07,5.5,6.0625,6.9
1991-06-01,57.379850390478296,58.9614,8.28,5.5,6.125,6.9
1991-07-01,57.46423252340551,59.1781,8.27,5.5,6.1875,6.8
1991-08-01,57.6329967892598,59.2747,7.9,5.5,6.0,6.9
1991-09-01,57.801761055114206,59.9511,7.65,5.2,5.75,6.9
1991-10-01,57.8861431880414,59.8402,7.53,5.0,5.625,7.0
1991-11-01,58.1392895868229,59.7324,7.42,4.58,5.25,7.0
1991-12-01,58.308053852677205,59.6423,7.09,4.11,5.0,7.3
1992-01-01,58.3502449191408,59.2955,7.03,3.5,4.1875,7.3
1992-02-01,58.4768181185316,59.8716,7.34,3.5,4.1875,7.4
1992-03-01,58.687773450849505,60.5019,7.54,3.5,4.25,7.4
1992-04-01,58.814346650240296,60.8387,7.48,3.5,4.3125,7.4
1992-05-01,58.940919849631,61.2023,7.39,3.5,4.0625,7.6
1992-06-01,59.1096841154854,61.384,7.26,3.5,4.0625,7.8
1992-07-01,59.2784483813397,61.9505,6.84,3.02,3.9375,7.7
1992-08-01,59.4050215807305,61.7102,6.59,3.0,3.4375,7.6
1992-09-01,59.5315947801212,61.7609,6.42,3.0,3.5,7.6
1992-10-01,59.7847411789028,62.1899,6.59,3.0,3.25,7.3
1992-11-01,59.9535054447571,62.4647,6.87,3.0,3.625,7.4
1992-12-01,60.037887577684295,62.3813,6.77,3.0,4.0,7.4
1993-01-01,60.2488429100022,62.9768,6.6,3.0,3.4375,7.3
1993-02-01,60.375416109392994,63.1154,6.26,3.0,3.25,7.1
1993-03-01,60.459798242320204,62.9605,5.98,3.0,3.20313,7.0
1993-04-01,60.6707535746381,63.3256,5.97,3.0,3.25,7.1
1993-05-01,60.8395178404924,63.2811,6.04,3.0,3.1875,7.1
1993-06-01,60.88170890695599,63.1472,5.96,3.0,3.375,7.0
1993-07-01,60.9660910398832,63.3425,5.81,3.0,3.3125,6.9
1993-08-01,61.092664239273994,63.2535,5.68,3.0,3.3125,6.8
1993-09-01,61.1770463722011,63.6817,5.36,3.0,3.25,6.7
1993-10-01,61.43019277098271,64.26,5.33,3.0,3.375,6.8
1993-11-01,61.59895703683699,64.529,5.72,3.0,3.4375,6.6
1993-12-01,61.7255302362278,64.9251,5.77,3.0,3.5,6.5
1994-01-01,61.7255302362278,65.0366,5.75,3.0,3.375,6.6
1994-02-01,61.8942945020821,65.1336,5.97,3.0,3.25,6.6
1994-03-01,62.0630587679365,66.0145,6.48,3.0,3.71875,6.5
1994-04-01,62.1052498344,66.5958,6.97,3.0,4.0625,6.4
1994-05-01,62.231823033790796,67.0608,7.18,3.24,4.375,6.1
1994-06-01,62.4005872996452,67.2811,7.1,3.5,4.625,6.1
1994-07-01,62.6115426319631,67.5985,7.3,3.5,4.9375,6.1
1994-08-01,62.8646890307446,68.1093,7.24,3.76,4.8125,6.0
1994-09-01,62.991262230135405,68.4335,7.46,4.0,5.0,5.9
1994-10-01,63.033453296599,69.1639,7.74,4.0,5.5,5.8
1994-11-01,63.2022175624533,69.7089,7.96,4.4,5.625,5.6
1994-12-01,63.328790761844104,70.5013,7.81,4.75,6.25,5.5
1995-01-01,63.497555027698404,70.6324,7.78,4.75,6.5,5.6
1995-02-01,63.666319293552796,70.4245,7.47,5.25,6.3125,5.4
1995-03-01,63.792892492943494,70.6007,7.2,5.25,6.25,5.4
1995-04-01,64.0460388917251,70.4932,7.06,5.25,6.3125,5.8
1995-05-01,64.1726120911158,70.6294,6.63,5.25,6.1875,5.6
1995-06-01,64.2991852905066,70.975,6.17,5.25,6.0625,5.6
1995-07-01,64.3835674234337,70.5181,6.28,5.25,6.0,5.7
1995-08-01,64.5101406228245,71.3401,6.49,5.25,5.875,5.7
1995-09-01,64.59452275575171,71.9943,6.2,5.25,5.875,5.6
1995-10-01,64.763287021606,71.9737,6.04,5.25,5.9375,5.5
1995-11-01,64.84766915453321,72.047,5.93,5.25,5.9375,5.6
1995-12-01,64.9320512874604,72.3691,5.71,5.25,5.82813,5.6
1996-01-01,65.2695798191691,71.8204,5.65,5.24,5.625,5.6
1996-02-01,65.3961530185598,72.9706,5.81,5.0,5.3125,5.5
1996-03-01,65.6071083508778,72.8256,6.27,5.0,5.3125,5.5
1996-04-01,65.8602547496593,73.6724,6.51,5.0,5.46484,5.6
1996-05-01,65.9868279490501,74.2493,6.74,5.0,5.5,5.6
1996-06-01,66.1134011484408,75.0792,6.91,5.0,5.53125,5.3
1996-07-01,66.2399743478316,75.3075,6.87,5.0,5.5625,5.5
1996-08-01,66.3243564807588,75.6847,6.64,5.0,5.63281,5.1
1996-09-01,66.5353118130767,76.3523,6.83,5.0,5.58203,5.2
1996-10-01,66.7462671453946,76.2233,6.53,5.0,5.63281,5.2
1996-11-01,66.9572224777126,76.8785,6.2,5.0,5.5,5.4
1996-12-01,67.1259867435669,77.5495,6.3,5.0,5.5,5.4
1997-01-01,67.2525599429576,77.59,6.58,5.0,5.5625,5.3
1997-02-01,67.3791331423484,78.6804,6.42,5.0,5.5625,5.2
1997-03-01,67.421324208812,79.5253,6.69,5.0,5.54688,5.2
1997-04-01,67.4635152752756,79.3725,6.89,5.0,5.8125,5.1
1997-05-01,67.4635152752756,79.9639,6.71,5.0,5.8125,4.9
1997-06-01,67.5900884746664,80.4705,6.49,5.0,5.82031,5.0
1997-07-01,67.67447060759349,80.991,6.22,5.0,5.80859,4.9
1997-08-01,67.8432348734479,82.0555,6.3,5.0,5.6875,4.8
1997-09-01,68.0119991393022,82.761,6.21,5.0,5.72266,4.9
1997-10-01,68.138572338693,83.4791,6.03,5.0,5.77344,4.7
1997-11-01,68.22295447162021,84.4277,5.88,5.0,5.75,4.6
1997-12-01,68.2651455380838,84.7837,5.81,5.0,5.90625,4.7
1998-01-01,68.34952767101089,85.5532,5.54,5.0,5.80859,4.6
1998-02-01,68.34952767101089,85.6117,5.57,5.0,5.625,4.6
1998-03-01,68.34952767101089,85.4634,5.65,5.0,5.67578,4.7
1998-04-01,68.4339098039381,85.8617,5.64,5.0,5.70703,4.3
1998-05-01,68.6026740697924,86.3168,5.65,5.0,5.69141,4.4
1998-06-01,68.6870562027196,85.6056,5.5,5.0,5.6875,4.5
1998-07-01,68.855820468574,85.2092,5.46,5.0,5.71875,4.5
1998-08-01,68.94020260150121,87.3803,5.34,5.0,5.6875,4.5
1998-09-01,68.9823936679647,87.2325,4.81,5.0,5.59375,4.6
1998-10-01,69.1511579338191,88.0883,4.53,4.86,5.3125,4.5
1998-11-01,69.23554006674621,88.2104,4.83,4.63,5.26531,4.4
1998-12-01,69.362113266137,88.7295,4.65,4.5,5.27672,4.4
1999-01-01,69.4886864655278,89.0205,4.72,4.5,5.06031,4.3
1999-02-01,69.4886864655278,89.7917,5.0,4.5,4.96938,4.4
1999-03-01,69.5308775319914,89.7115,5.23,4.5,5.0275,4.2
1999-04-01,69.9949792630908,90.1159,5.18,4.5,5.0,4.3
1999-05-01,70.0371703295544,90.9185,5.54,4.5,5.0,4.2
1999-06-01,70.0371703295544,90.6321,5.9,4.5,5.06875,4.3
1999-07-01,70.3325077947995,91.0983,5.79,4.5,5.3025,4.3
1999-08-01,70.5012720606539,91.5629,5.94,4.56,5.36375,4.2
1999-09-01,70.796609525899,91.1391,5.92,4.75,5.5225,4.2
1999-10-01,70.9231827252897,92.5667,6.11,4.75,6.085,4.1
1999-11-01,71.0497559246805,93.144,6.03,4.86,6.16125,4.1
1999-12-01,71.2185201905348,93.7864,6.28,5.0,6.12125,4.0
2000-01-01,71.4294755228528,93.9291,6.66,5.0,6.0425,4.0
2000-02-01,71.72481298809791,94.1561,6.52,5.24,6.09125,4.1
2000-03-01,72.1467236527338,94.7768,6.26,5.34,6.11,4.0
2000-04-01,72.1045325862702,95.5148,5.99,5.5,6.29,3.8
2000-05-01,72.2311057856609,95.4372,6.44,5.71,6.56875,4.0
2000-06-01,72.65301645029679,95.6248,6.1,6.0,6.86875,4.0
2000-07-01,72.8639717826147,95.748,6.05,6.0,6.77,4.0
2000-08-01,72.8639717826147,95.1218,5.83,6.0,6.72,4.1
2000-09-01,73.243691380787,95.5694,5.8,6.0,6.6725,3.9
2000-10-01,73.37026458017779,95.3415,5.74,6.0,6.80438,3.9
2000-11-01,73.4968377795686,95.0922,5.72,6.0,6.75875,3.9
2000-12-01,73.6656020454229,94.5865,5.24,6.0,6.68625,3.9
2001-01-01,74.08751271005879,94.0439,5.16,5.52,6.37125,4.2
2001-02-01,74.2562769759131,93.5783,5.1,5.0,5.39,4.2
2001-03-01,74.2984680423767,93.3825,4.89,4.81,5.08875,4.3
2001-04-01,74.4250412417674,93.0433,5.14,4.28,4.84,4.4
2001-05-01,74.80476083993979,92.3779,5.39,3.73,4.34,4.3
2001-06-01,74.9735251057941,91.7478,5.28,3.47,3.9425,4.5
2001-07-01,74.84695190640329,91.2562,5.24,3.25,3.83,4.6
2001-08-01,74.84695190640329,90.8653,4.97,3.16,3.65625,4.9
2001-09-01,75.1422893716484,90.6689,4.73,2.77,3.46563,5.0
2001-10-01,74.93133403933051,90.1404,4.57,2.02,2.6,5.3
2001-11-01,74.8891429728669,89.9289,4.65,1.58,2.21,5.5
2001-12-01,74.84695190640329,90.1704,5.09,1.33,2.0075,5.7
2002-01-01,74.9735251057941,90.7395,5.04,1.25,1.86375,5.7
2002-02-01,75.10009830518479,90.7463,4.91,1.25,1.92,5.7
2002-03-01,75.3110536375028,91.52,5.28,1.25,1.90125,5.7
2002-04-01,75.64858216921151,91.7528,5.21,1.25,2.04,5.9
2002-05-01,75.7329643021386,92.257,5.16,1.25,1.92,5.8
2002-06-01,75.7751553686022,93.3534,4.93,1.25,1.89125,5.8
2002-07-01,75.94391963445659,93.0071,4.65,1.25,1.86,5.8
2002-08-01,76.1548749667745,93.2201,4.26,1.25,1.8125,5.7
2002-09-01,76.28144816616529,93.3557,3.87,1.25,1.80875,5.7
2002-10-01,76.4502124320196,93.0197,3.94,1.25,1.76188,5.7
2002-11-01,76.5767856314104,93.4729,4.05,0.83,1.65875,5.9
2002-12-01,76.7033588308012,92.9124,4.03,0.75,1.4225,6.0
2003-01-01,77.04088736250979,93.4213,4.05,2.25,1.38,5.8
2003-02-01,77.4627980271457,93.5476,3.9,2.25,1.35,5.9
2003-03-01,77.5893712265365,93.7127,3.81,2.25,1.33875,5.9
2003-04-01,77.2940337612914,92.9716,3.96,2.25,1.2775,6.0
2003-05-01,77.1674605619006,93.0688,3.57,2.25,1.3,6.1
2003-06-01,77.2518426948278,93.5455,3.33,2.0,1.28,6.3
2003-07-01,77.5049890936093,93.8245,3.98,2.0,1.11,6.2
2003-08-01,77.84251762531801,93.535,4.45,2.0,1.14125,6.1
2003-09-01,78.0956640240995,94.3049,4.27,2.0,1.14,6.1
2003-10-01,78.0112818911724,94.4038,4.29,2.0,1.15,6.0
2003-11-01,78.0534729576359,95.3852,4.3,2.0,1.17,5.8
2003-12-01,78.26442828995391,95.1658,4.27,2.0,1.17813,5.7
2004-01-01,78.6019568216626,95.2002,4.15,2.0,1.15,5.7
2004-02-01,78.7707210875169,95.8917,4.08,2.0,1.13,5.6
2004-03-01,78.9394853533713,95.7315,3.83,2.0,1.12,5.8
2004-04-01,79.066058552762,96.1026,4.35,2.0,1.11,5.6
2004-05-01,79.4035870844707,96.8705,4.72,2.0,1.18,5.6
2004-06-01,79.6989245497158,96.0905,4.73,2.25,1.32688,5.6
2004-07-01,79.783306682643,96.9593,4.5,2.25,1.6,5.5
2004-08-01,79.8254977491066,97.4035,4.28,2.5,1.69,5.4
2004-09-01,80.0786441478881,97.453,4.13,2.75,1.8,5.4
2004-10-01,80.500554812524,98.5578,4.1,2.75,2.0275,5.5
2004-11-01,80.8802744106963,98.5077,4.19,3.0,2.18,5.4
2004-12-01,80.8802744106963,99.242,4.23,3.25,2.41875,5.4
2005-01-01,80.8380833442327,100.0043,4.22,3.25,2.57,5.3
2005-02-01,81.17561187594141,100.8894,4.17,3.5,2.75,5.4
2005-03-01,81.47094934118651,100.4052,4.5,3.75,2.93,5.2
2005-04-01,81.724095739968,100.7486,4.34,3.75,3.12,5.2
2005-05-01,81.6819046735044,101.0534,4.14,4.0,3.21938,5.1
2005-06-01,81.724095739968,101.249,4.0,4.25,3.35,5.0
2005-07-01,82.23038853753108,100.8958,4.18,4.25,3.52875,5.0
2005-08-01,82.73668133509409,101.3738,4.26,4.5,3.71,4.9
2005-09-01,83.87584012961099,100.3058,4.2,4.75,3.855,5.0
2005-10-01,84.0024133290017,101.8867,4.46,4.75,4.07688,5.0
2005-11-01,83.5805026643658,102.7397,4.54,5.0,4.26063,5.0
2005-12-01,83.5805026643658,102.9319,4.47,5.25,4.44,4.9
2006-01-01,84.0867954619289,103.757,4.42,5.5,4.54438,4.7
2006-02-01,84.1289865283925,103.4087,4.57,5.5,4.69,4.8
2006-03-01,84.25555972778321,103.2983,4.72,5.75,4.83,4.7
2006-04-01,84.6774703924191,103.8215,4.99,5.75,5.0,4.7
2006-05-01,84.93061679120059,103.4278,5.11,6.0,5.14563,4.6
2006-06-01,85.14157212351859,103.8717,5.11,6.25,5.27063,4.6
2006-07-01,85.60567385461799,103.6162,5.09,6.25,5.48,4.7
2006-08-01,85.9853934527903,104.389,4.88,6.25,5.4675,4.7
2006-09-01,85.5634827881544,104.4751,4.72,6.25,5.39063,4.5
2006-10-01,85.18376318998209,104.0757,4.73,6.25,5.37,4.4
2006-11-01,85.2259542564457,104.1192,4.6,6.25,5.37,4.5
2006-12-01,85.69005598754521,105.7423,4.56,6.25,5.36563,4.4
2007-01-01,85.8322398815275,105.1768,4.76,6.25,5.36,4.6
2007-02-01,86.1651273959252,105.634,4.72,6.25,5.36,4.5
2007-03-01,86.6131965217684,106.6056,4.56,6.25,5.3475,4.4
2007-04-01,86.87309349118419,107.3663,4.69,6.25,5.35,4.5
2007-05-01,87.2321394667893,107.2952,4.75,6.25,5.355,4.4
2007-06-01,87.4342346751499,107.6918,5.1,6.25,5.36,4.6
2007-07-01,87.58991971040051,107.8278,5.0,6.25,5.36,4.7
2007-08-01,87.61692199293721,107.5451,4.67,5.75,5.35953,4.6
2007-09-01,87.98820337781679,108.0953,4.52,5.25,5.66875,4.7
2007-10-01,88.25949193517759,107.7732,4.53,5.0,5.23,4.7
2007-11-01,88.953113067839,108.3901,4.15,5.0,4.8775,4.7
2007-12-01,89.2109004839315,108.595,4.1,4.75,5.14063,5.0
2008-01-01,89.5184733584511,108.1857,3.74,3.5,4.68063,5.0
2008-02-01,89.7349135294093,107.4764,3.74,3.5,3.095,4.9
2008-03-01,90.0559875451972,107.1653,3.51,2.5,3.01438,5.1
2008-04-01,90.2644114135273,105.9874,3.68,2.25,2.68375,5.0
2008-05-01,90.7985503149563,105.4575,3.88,2.25,2.78438,5.4
2008-06-01,91.74995886371019,104.7399,4.1,2.25,2.67625,5.6
2008-07-01,92.4051861258897,103.4841,4.01,2.25,2.7875,5.8
2008-08-01,92.26764324921841,102.1936,3.89,2.25,2.79438,6.1
2008-09-01,92.34654054350531,98.5323,3.69,2.25,2.81,6.1
2008-10-01,91.5525046726606,98.0011,3.81,1.25,4.15,6.5
2008-11-01,89.9315238991296,95.6411,3.53,1.25,2.85875,6.8
2008-12-01,89.19107068269359,92.2682,2.42,0.5,2.22,7.3
2009-01-01,89.41679288827379,89.4245,2.52,0.5,1.4125,7.8
2009-02-01,89.7425079213727,89.372,2.87,0.5,1.225,8.3
2009-03-01,89.6539066817992,87.7958,2.82,0.5,1.26625,8.7
2009-04-01,89.7441955640313,87.2207,2.93,0.5,1.17688,9.0
2009-05-01,89.8762536020623,86.3033,3.29,0.5,1.00688,9.4
2009-06-01,90.6221916571385,86.0178,3.72,0.5,0.65,9.5
2009-07-01,90.5951893746018,87.4058,3.56,0.5,0.5875,9.5
2009-08-01,90.89854314247499,88.4677,3.59,0.5,0.47188,9.6
2009-09-01,91.07405797896351,89.2644,3.4,0.5,0.33438,9.8
2009-10-01,91.3474560896476,89.4082,3.39,0.5,0.28438,10.0
2009-11-01,91.65334132150859,90.3289,3.4,0.5,0.27938,9.9
2009-12-01,91.70101722661242,90.1721,3.59,0.5,0.25531,9.9
2010-01-01,91.7605066303261,91.3035,3.73,0.5,0.25438,9.8
2010-02-01,91.67317112274651,91.3271,3.69,0.75,0.24906,9.8
2010-03-01,91.7035486906002,92.4819,3.73,0.75,0.25169,9.9
2010-04-01,91.724644223832,93.3263,3.85,0.75,0.2915,9.9
2010-05-01,91.6769683187282,94.6417,3.42,0.75,0.35313,9.6
2010-06-01,91.63857444824629,94.515,3.2,0.75,0.53625,9.4
2010-07-01,91.80987017808849,95.0853,3.01,0.75,0.53331,9.4
2010-08-01,91.94403776944272,95.2487,2.7,0.75,0.44469,9.5
2010-09-01,92.0925503233945,95.2698,2.65,0.75,0.29563,9.5
2010-10-01,92.4132024285178,95.3367,2.54,0.75,0.29063,9.4
2010-11-01,92.64736284739071,95.3808,2.76,0.75,0.28594,9.8
2010-12-01,93.01948805359949,95.8623,3.29,0.75,0.30344,9.3
2011-01-01,93.3211541788142,96.0824,3.39,0.75,0.30281,9.1
2011-02-01,93.6211326613703,96.2363,3.58,0.75,0.3105,9.0
2011-03-01,94.10548610437219,96.8538,3.41,0.75,0.3095,9.0
2011-04-01,94.547226570246,96.2957,3.46,0.75,0.301,9.1
2011-05-01,94.84804887413141,96.4189,3.17,0.75,0.27225,9.0
2011-06-01,94.84804887413141,96.5073,3.0,0.75,0.25288,9.1
2011-07-01,95.0965542556019,97.1315,3.0,0.75,0.24575,9.0
2011-08-01,95.396532738158,97.5123,2.3,0.75,0.25722,9.0
2011-09-01,95.6036908744942,97.831,1.98,0.75,0.32944,9.0
2011-10-01,95.66824320618349,98.3836,2.15,0.75,0.37761,8.8
2011-11-01,95.8450237746659,98.1184,2.01,0.75,0.43167,8.6
2011-12-01,95.8678069505563,98.8301,1.98,0.75,0.52722,8.5
2012-01-01,96.1289696519659,99.7118,1.97,0.75,0.5825,8.3
2012-02-01,96.3344401456436,100.0821,1.97,0.75,0.5371,8.3
2012-03-01,96.5361134433395,99.6028,2.17,0.75,0.4797,8.2
2012-04-01,96.69643949590109,100.21,2.05,0.75,0.46815,8.2
2012-05-01,96.49645384086371,99.843,1.8,0.75,0.46585,8.2
2012-06-01,96.41671272524749,100.1032,1.62,0.75,0.46785,8.2
2012-07-01,96.4445588291135,100.0189,1.53,0.75,0.4606,8.2
2012-08-01,97.00485619175,99.8422,1.68,0.75,0.4416,8.1
2012-09-01,97.4676921908555,99.8216,1.72,0.75,0.41435,7.8
2012-10-01,97.73054253492359,99.4837,1.75,0.75,0.35525,7.8
2012-11-01,97.5664192863803,100.2038,1.65,0.75,0.31275,7.7
2012-12-01,97.5546057877705,101.0769,1.72,0.75,0.3105,7.9
2013-01-01,97.74784087217371,100.7339,1.91,0.75,0.305,8.0
2013-02-01,98.2786044882856,101.2919,1.98,0.75,0.2955,7.7
2013-03-01,98.00225300294909,101.1885,1.96,0.75,0.2841,7.5
2013-04-01,97.7976263306007,100.7916,1.76,0.75,0.2821,7.6
2013-05-01,97.8381297544058,101.0433,1.93,0.75,0.2731,7.5
2013-06-01,98.07102444128479,101.3095,2.3,0.75,0.27325,7.5
2013-07-01,98.2629937936941,100.2262,2.58,0.75,0.2731,7.3
2013-08-01,98.4975761232316,101.1791,2.74,0.75,0.2656,7.2
2013-09-01,98.53470426171958,101.2679,2.81,0.75,0.2595,7.2
2013-10-01,98.5874430947991,101.3921,2.62,0.75,0.24585,7.2
2013-11-01,98.76928659125721,101.3925,2.72,0.75,0.23775,6.9
2013-12-01,99.0304492926668,101.4164,2.9,0.75,0.23885,6.7
2014-01-01,99.27051646084459,100.2006,2.86,0.75,0.24285,6.6
2014-02-01,99.37979132298521,101.3034,2.71,0.75,0.2356,6.7
2014-03-01,99.5827303526751,102.1737,2.72,0.75,0.23565,6.7
2014-04-01,99.7683710451149,102.0449,2.71,0.75,0.2281,6.2
2014-05-01,99.958230844201,102.2912,2.56,0.75,0.22285,6.3
2014-06-01,100.090288882232,102.6511,2.6,0.75,0.22715,6.1
2014-07-01,100.20293902969,103.0383,2.54,0.75,0.2318,6.2
2014-08-01,100.186906424434,102.599,2.42,0.75,0.2381,6.1
2014-09-01,100.194078905732,102.6166,2.53,0.75,0.2336,5.9
2014-10-01,100.17424910449499,102.5302,2.3,0.75,0.2326,5.7
2014-11-01,99.9856550374024,103.4249,2.33,0.75,0.23235,5.8
2014-12-01,99.67723834155359,103.1216,2.21,0.75,0.2346,5.6
2015-01-01,99.03002738200209,102.563,1.88,0.75,0.2556,5.7
2015-02-01,99.24857710628349,101.9932,1.98,0.75,0.2521,5.5
2015-03-01,99.5730264073885,102.2575,2.04,0.75,0.26095,5.4
2015-04-01,99.63673491774851,102.1754,1.94,0.75,0.27075,5.4
2015-05-01,99.98185784142059,102.0433,2.2,0.75,0.27975,5.6
2015-06-01,100.28141441331199,101.6539,2.36,0.75,0.2825,5.3
2015-07-01,100.437099448563,102.2682,2.32,0.75,0.2836,5.2
2015-08-01,100.426551681947,102.0202,2.17,0.75,0.3037,5.1
2015-09-01,100.206314315007,101.6251,2.17,0.75,0.334,5.0
2015-10-01,100.322339747782,101.5789,2.07,0.75,0.324,5.0
2015-11-01,100.421488753971,101.3394,2.26,0.75,0.3341,5.1
2015-12-01,100.337528531709,101.1156,2.24,1.0,0.4222,5.0
2016-01-01,100.34427910234301,101.6916,2.09,1.0,0.6117,4.9
2016-02-01,100.19070362041501,101.3068,1.78,1.0,0.6186,4.9
2016-03-01,100.43077078859301,101.0894,1.89,1.0,0.6316,5.0
2016-04-01,100.763658302991,100.736,1.81,1.0,0.6291,5.0
2016-05-01,101.032415396364,100.6132,1.81,1.0,0.6329,4.8
2016-06-01,101.329018593603,100.9124,1.64,1.0,0.6813,4.9
2016-07-01,101.321846112304,101.0765,1.5,1.0,0.65335,4.8
2016-08-01,101.51254973271999,100.7554,1.56,1.0,0.7591,4.9
2016-09-01,101.701987621141,101.044,1.63,1.0,0.83567,5.0
2016-10-01,101.97201044650801,101.2745,1.76,1.0,0.85789,4.9
2016-11-01,102.114616251155,101.3367,2.14,1.0,0.88094,4.7
2016-12-01,102.428095874979,101.6959,2.49,1.25,0.94167,4.7
2017-01-01,102.853381824932,102.0354,2.43,1.25,0.99872,4.7
2017-02-01,102.929747655231,102.1644,2.42,1.25,1.03456,4.7
2017-03-01,102.84030259432899,101.7367,2.48,1.5,1.09278,4.4
2017-04-01,102.967719615049,102.9279,2.3,1.5,1.14983,4.4
2017-05-01,102.930169565896,102.5104,2.3,,1.17372,4.4
2017-06-01,103.02298991211599,102.6619,2.19,,1.21806,4.3
2017-07-01,103.11074733036,102.4214,2.32,,1.30072,4.3
2017-08-01,103.493420303185,102.1998,2.21,,1.31056,4.4
2017-09-01,103.966382158242,102.0254,2.2,,1.31611,4.2
2017-10-01,104.037685060565,103.3783,2.36,,1.33556,4.1
2017-11-01,104.352008505719,103.7057,2.35,,1.38483,4.2
2017-12-01,104.592075673897,103.7131,2.4,,1.49463,4.1
2018-01-01,105.00681385723401,103.164,2.58,,1.69693,4.1
2018-02-01,105.211440529582,104.6624,2.86,,1.78698,4.1
2018-03-01,105.26586700531999,104.5319,2.84,,2.02457,4.0
2018-04-01,105.45910208972299,105.1519,2.87,,2.32084,3.9
2018-05-01,105.750220448322,104.1885,2.98,,2.35375,3.8
2018-06-01,105.956112852665,105.044,2.91,,2.31781,4.0
2018-07-01,106.15145749039101,105.4636,2.89,,2.3425,3.9
2018-08-01,106.270436297818,106.0354,2.89,,2.34825,3.8
2018-09-01,106.325706594886,106.2563,3.0,,2.31563,3.7
2018-10-01,106.65648455596,106.099,3.15,,2.39813,3.8
2018-11-01,106.642139593362,106.4421,3.12,,2.5815,3.7
2018-12-01,106.626528898771,107.3748,2.83,,2.75125,3.9
2019-01-01,106.605433365539,106.4128,2.71,,2.79388,4.0
2019-02-01,,,,,2.73263,
2019-03-01,,,,,2.5985,
